Date,Firm,Labor_2PP,LNP_2PP,Labor,LNP,ONP,Other,SampleSize,Margin,Method,start_date,end_date,dates,end_year,month_one,month_two,day_one,day_two,day_three,day_four
12-15 Feb 2019,Ipsos,51,49,33,38,NA,16,NA,NA,NA,2019-02-12,2019-02-15,12-15 Feb 2019,2019,Feb,Feb,12,15,NA,NA
6–11 Feb 2019,Essential,55,45,38,34,7,11,NA,NA,NA,2019-02-06,2019-02-11,6–11 Feb 2019,2019,Feb,Feb,6,11,NA,NA
7–10 Feb 2019,Newspoll,53,47,39,37,5,10,NA,NA,NA,2019-02-07,2019-02-10,7–10 Feb 2019,2019,Feb,Feb,7,10,NA,NA
23–30 Jan 2019,Essential,52,48,36,38,7,9,NA,NA,NA,2019-01-23,2019-01-30,23–30 Jan 2019,2019,Jan,Jan,23,30,NA,NA
24–27 Jan 2019,Newspoll,53,47,38,37,6,10,NA,NA,NA,2019-01-24,2019-01-27,24–27 Jan 2019,2019,Jan,Jan,24,27,NA,NA
9–13 Jan 2019,Essential,53,47,38,38,7,7,NA,NA,NA,2019-01-09,2019-01-13,9–13 Jan 2019,2019,Jan,Jan,9,13,NA,NA
13-16 Dec 2018,Essential,53,47,36,37,7,9,NA,NA,NA,2018-12-13,2018-12-16,13-16 Dec 2018,2018,Dec,Dec,13,16,NA,NA
13–15 Dec 2018,Ipsos,54,46,37,36,6,9,NA,NA,NA,2018-12-13,2018-12-15,13–15 Dec 2018,2018,Dec,Dec,13,15,NA,NA
6–9 Dec 2018,Newspoll,55,45,41,35,7,8,NA,NA,NA,2018-12-06,2018-12-09,6–9 Dec 2018,2018,Dec,Dec,6,9,NA,NA
29 Nov – 2 Dec 2018,Essential,54,46,39,38,6,7,NA,NA,NA,2018-11-29,2018-12-02,29 Nov – 2 Dec 2018,2018,Nov,Dec,29,2,NA,NA
23–25 Nov 2018,Newspoll,55,45,40,34,8,9,NA,NA,NA,2018-11-23,2018-11-25,23–25 Nov 2018,2018,Nov,Nov,23,25,NA,NA
15-18 Nov 2018,Essential,52,48,35,37,7,10,NA,NA,NA,2018-11-15,2018-11-18,15-18 Nov 2018,2018,Nov,Nov,15,18,NA,NA
15–17 Nov 2018,Ipsos,52,48,34,37,5,11,NA,NA,NA,2018-11-15,2018-11-17,15–17 Nov 2018,2018,Nov,Nov,15,17,NA,NA
8–11 Nov 2018,Newspoll,55,45,40,35,6,10,NA,NA,NA,2018-11-08,2018-11-11,8–11 Nov 2018,2018,Nov,Nov,8,11,NA,NA
1–4 Nov 2018,Essential,54,46,39,36,6,9,NA,NA,NA,2018-11-01,2018-11-04,1–4 Nov 2018,2018,Nov,Nov,1,4,NA,NA
25–28 Oct 2018,Newspoll,54,46,39,36,6,10,NA,NA,NA,2018-10-25,2018-10-28,25–28 Oct 2018,2018,Oct,Oct,25,28,NA,NA
19–21 Oct 2018,Essential,53,47,37,38,7,8,NA,NA,NA,2018-10-19,2018-10-21,19–21 Oct 2018,2018,Oct,Oct,19,21,NA,NA
10–13 Oct 2018,Newspoll,53,47,38,37,6,8,NA,NA,NA,2018-10-10,2018-10-13,10–13 Oct 2018,2018,Oct,Oct,10,13,NA,NA
10–13 Oct 2018,Ipsos,55,45,35,35,5,10,NA,NA,NA,2018-10-10,2018-10-13,10–13 Oct 2018,2018,Oct,Oct,10,13,NA,NA
5–7 Oct 2018,Essential,53,47,36,37,5,10,NA,NA,NA,2018-10-05,2018-10-07,5–7 Oct 2018,2018,Oct,Oct,5,7,NA,NA
22–24 Sep 2018,Essential,53,47,36,37,5,10,NA,NA,NA,2018-09-22,2018-09-24,22–24 Sep 2018,2018,Sep,Sep,22,24,NA,NA
20–23 Sep 2018,Newspoll,54,46,39,36,6,9,NA,NA,NA,2018-09-20,2018-09-23,20–23 Sep 2018,2018,Sep,Sep,20,23,NA,NA
12–15 Sep 2018,Ipsos,53,47,31,34,7,13,NA,NA,NA,2018-09-12,2018-09-15,12–15 Sep 2018,2018,Sep,Sep,12,15,NA,NA
8–10 Sep 2018,Essential,54,46,37,36,8,9,NA,NA,NA,2018-09-08,2018-09-10,8–10 Sep 2018,2018,Sep,Sep,8,10,NA,NA
6–9 Sep 2018,Newspoll,56,44,42,34,6,8,NA,NA,NA,2018-09-06,2018-09-09,6–9 Sep 2018,2018,Sep,Sep,6,9,NA,NA
25–26 Aug 2018,Roy Morgan,54,46,36,36.5,2.5,12,NA,NA,NA,2018-08-25,2018-08-26,25–26 Aug 2018,2018,Aug,Aug,25,26,NA,NA
24–26 Aug 2018,Essential,55,45,39,35,7,9,NA,NA,NA,2018-08-24,2018-08-26,24–26 Aug 2018,2018,Aug,Aug,24,26,NA,NA
24–25 Aug 2018,Newspoll,56,44,41,33,7,9,NA,NA,NA,2018-08-24,2018-08-25,24–25 Aug 2018,2018,Aug,Aug,24,25,NA,NA
15-18 Aug 2018,Ipsos,55,45,35,33,8,11,NA,NA,NA,2018-08-15,2018-08-18,15-18 Aug 2018,2018,Aug,Aug,15,18,NA,NA
12-Aug-18,Newspoll,51,49,35,37,9,9,NA,NA,NA,2018-08-12,2018-08-18,12-Aug-18,2018,Aug,Aug,12,18,NA,NA
06-Aug-18,ReachTEL,52,48,34,37,8,8,NA,NA,NA,2018-08-06,2018-08-18,06-Aug-18,2018,Aug,Aug,06,18,NA,NA
29-Jul-18,Newspoll,51,49,36,39,7,8,NA,NA,NA,2018-07-29,2018-07-18,29-Jul-18,2018,Jul,Jul,29,18,NA,NA
17-Jul-18,Essential,51,49,36,40,6,8,NA,NA,NA,2018-07-17,2018-07-18,17-Jul-18,2018,Jul,Jul,17,18,NA,NA
16-Jul-18,Newspoll,51,49,36,38,7,9,NA,NA,NA,2018-07-16,2018-07-18,16-Jul-18,2018,Jul,Jul,16,18,NA,NA
03-Jul-18,Essential,52,48,37,40,6,6,NA,NA,NA,2018-07-03,2018-07-18,03-Jul-18,2018,Jul,Jul,03,18,NA,NA
02-Jul-18,Newspoll,51,49,37,39,6,9,NA,NA,NA,2018-07-02,2018-07-18,02-Jul-18,2018,Jul,Jul,02,18,NA,NA
21–24 Jun 2018,Ipsos,53,47,35,35,6,12,NA,NA,NA,2018-06-21,2018-06-24,21–24 Jun 2018,2018,Jun,Jun,21,24,NA,NA
14–17 Jun 2018,Newspoll,52,48,38,38,6,8,NA,NA,NA,2018-06-14,2018-06-17,14–17 Jun 2018,2018,Jun,Jun,14,17,NA,NA
14–17 Jun 2018,Essential,52,48,35,38,7,9,NA,NA,NA,2018-06-14,2018-06-17,14–17 Jun 2018,2018,Jun,Jun,14,17,NA,NA
02-Jun-18,ReachTEL,52,48,34,35,9,11,NA,NA,NA,2018-06-02,2018-06-18,02-Jun-18,2018,Jun,Jun,02,18,NA,NA
31 May – 3 Jun 2018,Essential,54,46,37,36,8,9,NA,NA,NA,2018-05-31,2018-06-03,31 May – 3 Jun 2018,2018,May,Jun,31,3,NA,NA
24–27 May 2018,Newspoll,52,48,38,38,8,7,NA,NA,NA,2018-05-24,2018-05-27,24–27 May 2018,2018,May,May,24,27,NA,NA
17–20 May 2018,Essential,51,49,36,40,8,7,NA,NA,NA,2018-05-17,2018-05-20,17–20 May 2018,2018,May,May,17,20,NA,NA
10–13 May 2018,Essential,52,48,36,38,7,8,NA,NA,NA,2018-05-10,2018-05-13,10–13 May 2018,2018,May,May,10,13,NA,NA
10–13 May 2018,Newspoll,51,49,38,39,6,8,NA,NA,NA,2018-05-10,2018-05-13,10–13 May 2018,2018,May,May,10,13,NA,NA
10–12 May 2018,Ipsos,54,46,37,36,5,11,NA,NA,NA,2018-05-10,2018-05-12,10–12 May 2018,2018,May,May,10,12,NA,NA
3–6 May 2018,Essential,53,47,37,38,6,9,NA,NA,NA,2018-05-03,2018-05-06,3–6 May 2018,2018,May,May,3,6,NA,NA
30-Apr-18,ReachTEL,52,48,35,36,6,12,NA,NA,NA,2018-04-30,2018-04-18,30-Apr-18,2018,Apr,Apr,30,18,NA,NA
19–22 Apr 2018,Essential,53,47,36,37,8,8,NA,NA,NA,2018-04-19,2018-04-22,19–22 Apr 2018,2018,Apr,Apr,19,22,NA,NA
22-Apr-18,Newspoll,51,49,37,38,7,9,NA,NA,NA,2018-04-22,2018-04-18,22-Apr-18,2018,Apr,Apr,22,18,NA,NA
5–8 Apr 2018,Essential,53,47,37,38,7,8,NA,NA,NA,2018-04-05,2018-04-08,5–8 Apr 2018,2018,Apr,Apr,5,8,NA,NA
5–8 Apr 2018,Newspoll,52,48,37,38,7,8,NA,NA,NA,2018-04-05,2018-04-08,5–8 Apr 2018,2018,Apr,Apr,5,8,NA,NA
3–5 Apr 2018,Ipsos,52,48,34,36,8,10,NA,NA,NA,2018-04-03,2018-04-05,3–5 Apr 2018,2018,Apr,Apr,3,5,NA,NA
24 Mar – 1 Apr 2018,Roy Morgan,51,49,37.5,38.5,3,10,NA,NA,NA,2018-03-24,2018-04-01,24 Mar – 1 Apr 2018,2018,Mar,Apr,24,1,NA,NA
28-Mar-18,ReachTEL,54,46,36,34,7,13,NA,NA,NA,2018-03-28,2018-03-18,28-Mar-18,2018,Mar,Mar,28,18,NA,NA
22–25 Mar 2018,Essential,52,48,36,38,8,9,NA,NA,NA,2018-03-22,2018-03-25,22–25 Mar 2018,2018,Mar,Mar,22,25,NA,NA
22–25 Mar 2018,Newspoll,53,47,39,37,7,8,NA,NA,NA,2018-03-22,2018-03-25,22–25 Mar 2018,2018,Mar,Mar,22,25,NA,NA
17–25 Mar 2018,Roy Morgan,51,49,35,40,3.5,9.5,NA,NA,NA,2018-03-17,2018-03-25,17–25 Mar 2018,2018,Mar,Mar,17,25,NA,NA
8–11 Mar 2018,Essential,54,46,38,36,8,9,NA,NA,NA,2018-03-08,2018-03-11,8–11 Mar 2018,2018,Mar,Mar,8,11,NA,NA
3–11 Mar 2018,Roy Morgan,54,46,36,36,3,11.5,NA,NA,NA,2018-03-03,2018-03-11,3–11 Mar 2018,2018,Mar,Mar,3,11,NA,NA
1–4 Mar 2018,Newspoll,53,47,38,37,7,9,NA,NA,NA,2018-03-01,2018-03-04,1–4 Mar 2018,2018,Mar,Mar,1,4,NA,NA
22–25 Feb 2018,Essential,53,47,35,35,8,12,NA,NA,NA,2018-02-22,2018-02-25,22–25 Feb 2018,2018,Feb,Feb,22,25,NA,NA
24-Feb-18,ReachTEL,54,46,37,33,7,12,NA,NA,NA,2018-02-24,2018-02-18,24-Feb-18,2018,Feb,Feb,24,18,NA,NA
15–18 Feb 2018,Newspoll,53,47,37,36,8,9,NA,NA,NA,2018-02-15,2018-02-18,15–18 Feb 2018,2018,Feb,Feb,15,18,NA,NA
8–11 Feb 2018,Essential,54,46,37,36,6,11,NA,NA,NA,2018-02-08,2018-02-11,8–11 Feb 2018,2018,Feb,Feb,8,11,NA,NA
1–3 Feb 2018,Newspoll,52,48,37,38,5,10,NA,NA,NA,2018-02-01,2018-02-03,1–3 Feb 2018,2018,Feb,Feb,1,3,NA,NA
26–28 Jan 2018,Essential,54,46,36,35,8,11,NA,NA,NA,2018-01-26,2018-01-28,26–28 Jan 2018,2018,Jan,Jan,26,28,NA,NA
25-Jan-18,ReachTEL,52,48,36,34,8,12,NA,NA,NA,2018-01-25,2018-01-18,25-Jan-18,2018,Jan,Jan,25,18,NA,NA
11–15 Jan 2018,Essential,53,47,38,37,6,10,NA,NA,NA,2018-01-11,2018-01-15,11–15 Jan 2018,2018,Jan,Jan,11,15,NA,NA
19-Dec-17,Essential,53,47,38,37,7,9,NA,NA,NA,2017-12-19,2017-12-17,19-Dec-17,2017,Dec,Dec,19,17,NA,NA
14–17 Dec 2017,Newspoll,53,47,37,36,7,10,NA,NA,NA,2017-12-14,2017-12-17,14–17 Dec 2017,2017,Dec,Dec,14,17,NA,NA
12-Dec-17,Essential,54,46,38,35,7,9,NA,NA,NA,2017-12-12,2017-12-17,12-Dec-17,2017,Dec,Dec,12,17,NA,NA
7–10 Dec 2017,YouGov,50,50,35,34,8,13,NA,NA,NA,2017-12-07,2017-12-10,7–10 Dec 2017,2017,Dec,Dec,7,10,NA,NA
05-Dec-17,Essential,55,45,38,35,8,10,NA,NA,NA,2017-12-05,2017-12-17,05-Dec-17,2017,Dec,Dec,05,17,NA,NA
30 Nov ? 3 Dec 2017,Newspoll,53,47,37,36,8,9,NA,NA,NA,2017-11-30,2017-12-03,30 Nov ? 3 Dec 2017,2017,Nov,Dec,30,3,NA,NA
29-Nov-17,ReachTEL,53,47,36,33,9,12,NA,NA,NA,2017-11-29,2017-11-17,29-Nov-17,2017,Nov,Nov,29,17,NA,NA
28-Nov-17,Essential,54,46,38,36,8,9,NA,NA,NA,2017-11-28,2017-11-17,28-Nov-17,2017,Nov,Nov,28,17,NA,NA
23–27 Nov 2017,YouGov,53,47,32,32,11,16,NA,NA,NA,2017-11-23,2017-11-27,23–27 Nov 2017,2017,Nov,Nov,23,27,NA,NA
21-Nov-17,Essential,54,46,38,35,8,10,NA,NA,NA,2017-11-21,2017-11-17,21-Nov-17,2017,Nov,Nov,21,17,NA,NA
14-Nov-17,YouGov,52,48,34,31,11,14,NA,NA,NA,2017-11-14,2017-11-17,14-Nov-17,2017,Nov,Nov,14,17,NA,NA
14-Nov-17,Essential,54,46,38,36,8,10,NA,NA,NA,2017-11-14,2017-11-17,14-Nov-17,2017,Nov,Nov,14,17,NA,NA
13-Nov-17,Newspoll,55,45,38,34,10,9,NA,NA,NA,2017-11-13,2017-11-17,13-Nov-17,2017,Nov,Nov,13,17,NA,NA
30-Oct-17,Essential,54,46,37,36,7,9,NA,NA,NA,2017-10-30,2017-10-17,30-Oct-17,2017,Oct,Oct,30,17,NA,NA
26–29 Oct 2017,Newspoll,54,46,37,35,9,9,NA,NA,NA,2017-10-26,2017-10-29,26–29 Oct 2017,2017,Oct,Oct,26,29,NA,NA
24-Oct-17,Essential,52,48,36,37,8,10,NA,NA,NA,2017-10-24,2017-10-17,24-Oct-17,2017,Oct,Oct,24,17,NA,NA
12–15 Oct 2017,Newspoll,54,46,37,36,9,8,NA,NA,NA,2017-10-12,2017-10-15,12–15 Oct 2017,2017,Oct,Oct,12,15,NA,NA
04-Oct-17,Essential,54,46,38,36,7,10,NA,NA,NA,2017-10-04,2017-10-17,04-Oct-17,2017,Oct,Oct,04,17,NA,NA
01-Oct-17,ReachTEL,53,47,38,36,8,9,NA,NA,NA,2017-10-01,2017-10-17,01-Oct-17,2017,Oct,Oct,01,17,NA,NA
26-Sep-17,Essential,53,47,37,37,7,9,NA,NA,NA,2017-09-26,2017-09-17,26-Sep-17,2017,Sep,Sep,26,17,NA,NA
21–24 Sep 2017,Newspoll,54,46,38,36,8,9,NA,NA,NA,2017-09-21,2017-09-24,21–24 Sep 2017,2017,Sep,Sep,21,24,NA,NA
19-Sep-17,Essential,52,48,36,38,8,8,NA,NA,NA,2017-09-19,2017-09-17,19-Sep-17,2017,Sep,Sep,19,17,NA,NA
14–18 Sep 2017,YouGov,50,50,35,34,9,11,NA,NA,NA,2017-09-14,2017-09-18,14–18 Sep 2017,2017,Sep,Sep,14,18,NA,NA
12-Sep-17,Essential,54,46,37,36,9,8,NA,NA,NA,2017-09-12,2017-09-17,12-Sep-17,2017,Sep,Sep,12,17,NA,NA
6–9 Sep 2017,Ipsos,53,47,34,35,1,15,NA,NA,NA,2017-09-06,2017-09-09,6–9 Sep 2017,2017,Sep,Sep,6,9,NA,NA
05-Sep-17,Essential,53,47,37,36,8,9,NA,NA,NA,2017-09-05,2017-09-17,05-Sep-17,2017,Sep,Sep,05,17,NA,NA
31 Aug – 4 Sep 2017,YouGov,50,50,32,34,9,13,NA,NA,NA,2017-08-31,2017-09-04,31 Aug – 4 Sep 2017,2017,Aug,Sep,31,4,NA,NA
28 Aug – 2 Sep 2017,Newspoll,53,47,38,37,8,8,NA,NA,NA,2017-08-28,2017-09-02,28 Aug – 2 Sep 2017,2017,Aug,Sep,28,2,NA,NA
29-Aug-17,Essential,53,47,36,37,8,9,NA,NA,NA,2017-08-29,2017-08-17,29-Aug-17,2017,Aug,Aug,29,17,NA,NA
23-Aug-17,ReachTEL,52,48,36.7,34.5,10.4,8.2,NA,NA,NA,2017-08-23,2017-08-17,23-Aug-17,2017,Aug,Aug,23,17,NA,NA
22-Aug-17,Essential,53,47,37,37,8,9,NA,NA,NA,2017-08-22,2017-08-17,22-Aug-17,2017,Aug,Aug,22,17,NA,NA
17–21 Aug 2017,YouGov,49,51,33,34,10,13,NA,NA,NA,2017-08-17,2017-08-21,17–21 Aug 2017,2017,Aug,Aug,17,21,NA,NA
17–20 Aug 2017,Newspoll,54,46,38,35,9,9,NA,NA,NA,2017-08-17,2017-08-20,17–20 Aug 2017,2017,Aug,Aug,17,20,NA,NA
15-Aug-17,Essential,54,46,39,37,8,7,NA,NA,NA,2017-08-15,2017-08-17,15-Aug-17,2017,Aug,Aug,15,17,NA,NA
08-Aug-17,Essential,54,46,39,37,8,7,NA,NA,NA,2017-08-08,2017-08-17,08-Aug-17,2017,Aug,Aug,08,17,NA,NA
3–6 Aug 2017,Newspoll,53,47,36,36,8,9,NA,NA,NA,2017-08-03,2017-08-06,3–6 Aug 2017,2017,Aug,Aug,3,6,NA,NA
01-Aug-17,Essential,52,48,36,38,8,8,NA,NA,NA,2017-08-01,2017-08-17,01-Aug-17,2017,Aug,Aug,01,17,NA,NA
25-Jul-17,Essential,53,47,37,38,7,8,NA,NA,NA,2017-07-25,2017-07-17,25-Jul-17,2017,Jul,Jul,25,17,NA,NA
20–24 Jul 2017,YouGov,50,50,33,36,8,13,NA,NA,NA,2017-07-20,2017-07-24,20–24 Jul 2017,2017,Jul,Jul,20,24,NA,NA
20–23 Jul 2017,Newspoll,53,47,37,36,9,9,NA,NA,NA,2017-07-20,2017-07-23,20–23 Jul 2017,2017,Jul,Jul,20,23,NA,NA
19-Jul-17,ReachTEL,51,49,35.1,37.2,11.7,7.2,NA,NA,NA,2017-07-19,2017-07-17,19-Jul-17,2017,Jul,Jul,19,17,NA,NA
18-Jul-17,Essential,54,46,38,36,7,9,NA,NA,NA,2017-07-18,2017-07-17,18-Jul-17,2017,Jul,Jul,18,17,NA,NA
6–11 Jul 2017,YouGov,48,52,33,36,7,12,NA,NA,NA,2017-07-06,2017-07-11,6–11 Jul 2017,2017,Jul,Jul,6,11,NA,NA
6–9 Jul 2017,Newspoll,53,47,36,35,11,8,NA,NA,NA,2017-07-06,2017-07-09,6–9 Jul 2017,2017,Jul,Jul,6,9,NA,NA
29-Jun-17,ReachTEL,52,48,35.4,36.4,9.6,8.3,NA,NA,NA,2017-06-29,2017-06-17,29-Jun-17,2017,Jun,Jun,29,17,NA,NA
22–27 Jun 2017,YouGov,51,49,34,33,7,14,NA,NA,NA,2017-06-22,2017-06-27,22–27 Jun 2017,2017,Jun,Jun,22,27,NA,NA
15–18 Jun 2017,Newspoll,53,47,37,36,11,7,NA,NA,NA,2017-06-15,2017-06-18,15–18 Jun 2017,2017,Jun,Jun,15,18,NA,NA
14-Jun-17,Essential,52,48,36,38,8,8,NA,NA,NA,2017-06-14,2017-06-17,14-Jun-17,2017,Jun,Jun,14,17,NA,NA
26–29 May 2017,Newspoll,53,47,36,36,9,9,NA,NA,NA,2017-05-26,2017-05-29,26–29 May 2017,2017,May,May,26,29,NA,NA
23-May-17,Essential,54,46,38,37,6,9,NA,NA,NA,2017-05-23,2017-05-17,23-May-17,2017,May,May,23,17,NA,NA
12–15 May 2017,Newspoll,53,47,36,36,9,9,NA,NA,NA,2017-05-12,2017-05-15,12–15 May 2017,2017,May,May,12,15,NA,NA
11-May-17,ReachTEL,53,47,34.1,38,11,6,NA,NA,NA,2017-05-11,2017-05-17,11-May-17,2017,May,May,11,17,NA,NA
10–11 May 2017,Ipsos,53,47,35,37,2,13,NA,NA,NA,2017-05-10,2017-05-11,10–11 May 2017,2017,May,May,10,11,NA,NA
26–30 Apr 2017,Essential,53,47,37,38,7,9,NA,NA,NA,2017-04-26,2017-04-30,26–30 Apr 2017,2017,Apr,Apr,26,30,NA,NA
20–23 Apr 2017,Newspoll,52,48,35,36,10,10,NA,NA,NA,2017-04-20,2017-04-23,20–23 Apr 2017,2017,Apr,Apr,20,23,NA,NA
13–16 Apr 2017,Essential,54,46,37,36,8,10,NA,NA,NA,2017-04-13,2017-04-16,13–16 Apr 2017,2017,Apr,Apr,13,16,NA,NA
6–9 Apr 2017,Essential,53,47,36,37,8,9,NA,NA,NA,2017-04-06,2017-04-09,6–9 Apr 2017,2017,Apr,Apr,6,9,NA,NA
1–4 Apr 2017,Essential,53,47,36,37,8,9,NA,NA,NA,2017-04-01,2017-04-04,1–4 Apr 2017,2017,Apr,Apr,1,4,NA,NA
30 Mar – 2 Apr 2017,Newspoll,53,47,36,36,10,8,NA,NA,NA,2017-03-30,2017-04-02,30 Mar – 2 Apr 2017,2017,Mar,Apr,30,2,NA,NA
24–27 Mar 2017,Essential,54,46,37,35,8,11,NA,NA,NA,2017-03-24,2017-03-27,24–27 Mar 2017,2017,Mar,Mar,24,27,NA,NA
22–25 Mar 2017,Ipsos,55,45,34,33,2,15,NA,NA,NA,2017-03-22,2017-03-25,22–25 Mar 2017,2017,Mar,Mar,22,25,NA,NA
17–20 Mar 2017,Essential,55,45,37,34,10,9,NA,NA,NA,2017-03-17,2017-03-20,17–20 Mar 2017,2017,Mar,Mar,17,20,NA,NA
16–19 Mar 2017,Newspoll,52,48,35,37,10,9,NA,NA,NA,2017-03-16,2017-03-19,16–19 Mar 2017,2017,Mar,Mar,16,19,NA,NA
10–13 Mar 2017,Essential,53,47,36,35,11,9,NA,NA,NA,2017-03-10,2017-03-13,10–13 Mar 2017,2017,Mar,Mar,10,13,NA,NA
3–6 Mar 2017,Essential,53,47,37,37,9,8,NA,NA,NA,2017-03-03,2017-03-06,3–6 Mar 2017,2017,Mar,Mar,3,6,NA,NA
23–26 Feb 2017,Newspoll,55,45,37,34,10,9,NA,NA,NA,2017-02-23,2017-02-26,23–26 Feb 2017,2017,Feb,Feb,23,26,NA,NA
16–19 Feb 2017,Essential,52,48,34,36,10,10,NA,NA,NA,2017-02-16,2017-02-19,16–19 Feb 2017,2017,Feb,Feb,16,19,NA,NA
9–12 Feb 2017,Essential,52,48,35,36,10,9,NA,NA,NA,2017-02-09,2017-02-12,9–12 Feb 2017,2017,Feb,Feb,9,12,NA,NA
2–5 Feb 2017,Newspoll,54,46,36,35,8,11,NA,NA,NA,2017-02-02,2017-02-05,2–5 Feb 2017,2017,Feb,Feb,2,5,NA,NA
20–23 Jan 2017,Essential,54,46,37,35,9,8,NA,NA,NA,2017-01-20,2017-01-23,20–23 Jan 2017,2017,Jan,Jan,20,23,NA,NA
13–16 Jan 2017,Essential,53,47,37,38,8,8,NA,NA,NA,2017-01-13,2017-01-16,13–16 Jan 2017,2017,Jan,Jan,13,16,NA,NA
12-Jan-17,ReachTEL,54,46,35,37.1,10.6,7.5,NA,NA,NA,2017-01-12,2017-01-17,12-Jan-17,2017,Jan,Jan,12,17,NA,NA
9–12 Dec 2016,Essential,53,47,37,37,7,9,NA,NA,NA,2016-12-09,2016-12-12,9–12 Dec 2016,2016,Dec,Dec,9,12,NA,NA
1–4 Dec 2016,Newspoll,52,48,36,39,5,10,NA,NA,NA,2016-12-01,2016-12-04,1–4 Dec 2016,2016,Dec,Dec,1,4,NA,NA
25–28 Nov 2016,Essential,51,49,36,39,7,9,NA,NA,NA,2016-11-25,2016-11-28,25–28 Nov 2016,2016,Nov,Nov,25,28,NA,NA
24–26 Nov 2016,Ipsos,51,49,30,36,7,9,NA,NA,NA,2016-11-24,2016-11-26,24–26 Nov 2016,2016,Nov,Nov,24,26,NA,NA
17–20 Nov 2016,Newspoll,53,47,38,38,4,10,NA,NA,NA,2016-11-17,2016-11-20,17–20 Nov 2016,2016,Nov,Nov,17,20,NA,NA
11–14 Nov 2016,Essential,53,47,37,37,6,9,NA,NA,NA,2016-11-11,2016-11-14,11–14 Nov 2016,2016,Nov,Nov,11,14,NA,NA
3–6 Nov 2016,Newspoll,53,47,38,39,NA,13,NA,NA,NA,2016-11-03,2016-11-06,3–6 Nov 2016,2016,Nov,Nov,3,6,NA,NA
20–23 Oct 2016,Newspoll,52,48,37,39,5,9,NA,NA,NA,2016-10-20,2016-10-23,20–23 Oct 2016,2016,Oct,Oct,20,23,NA,NA
14–17 Oct 2016,Essential,53,47,37,37,5,9,NA,NA,NA,2016-10-14,2016-10-17,14–17 Oct 2016,2016,Oct,Oct,14,17,NA,NA
7–10 Oct 2016,Essential,52,48,36,38,6,10,NA,NA,NA,2016-10-07,2016-10-10,7–10 Oct 2016,2016,Oct,Oct,7,10,NA,NA
6–9 Oct 2016,Newspoll,52,48,36,39,6,9,NA,NA,NA,2016-10-06,2016-10-09,6–9 Oct 2016,2016,Oct,Oct,6,9,NA,NA
22–25 Sep 2016,Newspoll,52,48,37,38,NA,15,NA,NA,NA,2016-09-22,2016-09-25,22–25 Sep 2016,2016,Sep,Sep,22,25,NA,NA
9–12 Sep 2016,Essential,52,48,37,38,5,11,NA,NA,NA,2016-09-09,2016-09-12,9–12 Sep 2016,2016,Sep,Sep,9,12,NA,NA
8–11 Sep 2016,Newspoll,50,50,36,41,NA,14,NA,NA,NA,2016-09-08,2016-09-11,8–11 Sep 2016,2016,Sep,Sep,8,11,NA,NA
26–29 Aug 2016,Essential,51,49,37,40,NA,13,NA,NA,NA,2016-08-26,2016-08-29,26–29 Aug 2016,2016,Aug,Aug,26,29,NA,NA
25–28 Aug 2016,Newspoll,50,50,36,41,NA,14,NA,NA,NA,2016-08-25,2016-08-28,25–28 Aug 2016,2016,Aug,Aug,25,28,NA,NA
19–22 Aug 2016,Essential,51,49,36,39,NA,15,NA,NA,NA,2016-08-19,2016-08-22,19–22 Aug 2016,2016,Aug,Aug,19,22,NA,NA
12–15 Aug 2016,Essential,52,48,37,39,NA,14,NA,NA,NA,2016-08-12,2016-08-15,12–15 Aug 2016,2016,Aug,Aug,12,15,NA,NA
5–8 Aug 2016,Essential,52,48,37,40,NA,13,NA,NA,NA,2016-08-05,2016-08-08,5–8 Aug 2016,2016,Aug,Aug,5,8,NA,NA
27 Jul – 1 Aug 2016,Essential,52,48,37,39,NA,14,NA,NA,NA,2016-07-27,2016-08-01,27 Jul – 1 Aug 2016,2016,Jul,Aug,27,1,NA,NA
20–24 Jul 2016,Essential,52,48,37,39,NA,14,NA,NA,NA,2016-07-20,2016-07-24,20–24 Jul 2016,2016,Jul,Jul,20,24,NA,NA
13–17 Jul 2016,Essential,51,49,36,39,NA,15,NA,NA,NA,2016-07-13,2016-07-17,13–17 Jul 2016,2016,Jul,Jul,13,17,NA,NA
6–10 Jul 2016,Essential,51,49,36,41,NA,13,NA,NA,NA,2016-07-06,2016-07-10,6–10 Jul 2016,2016,Jul,Jul,6,10,NA,NA
30 Jun – 3 Jul 2016,Essential,50,50,37,41,NA,12,NA,NA,NA,2016-06-30,2016-07-03,30 Jun – 3 Jul 2016,2016,Jun,Jul,30,3,NA,NA
28 Jun – 1 Jul 2016,Newspoll,49.5,50.5,35,42,NA,13,NA,NA,NA,2016-06-28,2016-07-01,28 Jun – 1 Jul 2016,2016,Jun,Jul,28,1,NA,NA
30-Jun-16,ReachTEL,49,51,34.6,42.8,NA,12,NA,NA,NA,2016-06-30,2016-06-16,30-Jun-16,2016,Jun,Jun,30,16,NA,NA
27–30 Jun 2016,Essential,49.5,50.5,34.5,42.5,NA,12,NA,NA,NA,2016-06-27,2016-06-30,27–30 Jun 2016,2016,Jun,Jun,27,30,NA,NA
28–29 Jun 2016,Galaxy,49,51,36,43,NA,11,NA,NA,NA,2016-06-28,2016-06-29,28–29 Jun 2016,2016,Jun,Jun,28,29,NA,NA
26–29 Jun 2016,Ipsos,50,50,33,40,NA,14,NA,NA,NA,2016-06-26,2016-06-29,26–29 Jun 2016,2016,Jun,Jun,26,29,NA,NA
28 Jun – 1 Jul 2016,Newspoll,49.5,50.5,35,42,NA,13,4135,?,Landline,2016-06-28,2016-07-01,28 Jun – 1 Jul 2016,2016,Jun,Jul,28,1,NA,NA
30-Jun-16,ReachTEL,49,51,34.6,42.8,NA,12,2084,?,Telephone (random),2016-06-30,2016-06-16,30-Jun-16,2016,Jun,Jun,30,16,NA,NA
27–30 Jun 2016,Essential,49.5,50.5,34.5,42.5,NA,12,1212,±3,Online (members),2016-06-27,2016-06-30,27–30 Jun 2016,2016,Jun,Jun,27,30,NA,NA
28–29 Jun 2016,Galaxy,49,51,36,43,NA,11,1768,?,Landline,2016-06-28,2016-06-29,28–29 Jun 2016,2016,Jun,Jun,28,29,NA,NA
26–29 Jun 2016,Ipsos,50,50,33,40,NA,14,1377,?,Telephone (random),2016-06-26,2016-06-29,26–29 Jun 2016,2016,Jun,Jun,26,29,NA,NA
23–26 Jun 2016,Essential,51,49,37,39,NA,14,1773,±3,Online (members),2016-06-23,2016-06-26,23–26 Jun 2016,2016,Jun,Jun,23,26,NA,NA
23–26 Jun 2016,Newspoll,49,51,36,43,NA,12,1713,±3,Landline,2016-06-23,2016-06-26,23–26 Jun 2016,2016,Jun,Jun,23,26,NA,NA
23-Jun-16,ReachTEL,49,51,33.7,42.3,NA,13.3,2349,?,Telephone (random),2016-06-23,2016-06-16,23-Jun-16,2016,Jun,Jun,23,16,NA,NA
20–22 Jun 2016,Galaxy,50,50,35,42,NA,12,NA,?,Landline,2016-06-20,2016-06-22,20–22 Jun 2016,2016,Jun,Jun,20,22,NA,NA
16–19 Jun 2016,Essential,51,49,37,40,NA,13,1013,±3,Online (members),2016-06-16,2016-06-19,16–19 Jun 2016,2016,Jun,Jun,16,19,NA,NA
16–19 Jun 2016,Newspoll,50,50,36,41,NA,13,1805,±3,Landline,2016-06-16,2016-06-19,16–19 Jun 2016,2016,Jun,Jun,16,19,NA,NA
16-Jun-16,ReachTEL,49,51,33.6,43.5,NA,13.7,2576,?,Telephone (random),2016-06-16,2016-06-16,16-Jun-16,2016,Jun,Jun,16,16,NA,NA
14–16 Jun 2016,Ipsos,51,49,33,39,NA,14,1437,?,Telephone (random),2016-06-14,2016-06-16,14–16 Jun 2016,2016,Jun,Jun,14,16,NA,NA
9–12 Jun 2016,Essential,51,49,37,41,NA,12,1784,±3,Online (members),2016-06-09,2016-06-12,9–12 Jun 2016,2016,Jun,Jun,9,12,NA,NA
09-Jun-16,ReachTEL,50,50,33.2,42.7,NA,14.3,2175,?,Telephone (random),2016-06-09,2016-06-16,09-Jun-16,2016,Jun,Jun,09,16,NA,NA
2–5 Jun 2016,Essential,50,50,36,41,NA,13,1772,±3,Online (members),2016-06-02,2016-06-05,2–5 Jun 2016,2016,Jun,Jun,2,5,NA,NA
2–5 Jun 2016,Newspoll,50,50,35,40,NA,15,1867,±3,Landline,2016-06-02,2016-06-05,2–5 Jun 2016,2016,Jun,Jun,2,5,NA,NA
02-Jun-16,ReachTEL,50,50,34.9,41.5,NA,13.5,2414,?,Telephone (random),2016-06-02,2016-06-16,02-Jun-16,2016,Jun,Jun,02,16,NA,NA
31 May – 2 Jun 2016,Ipsos,51,49,36,42,NA,9,1359,±2.7,Telephone (random),2016-05-31,2016-06-02,31 May – 2 Jun 2016,2016,May,Jun,31,2,NA,NA
26–29 May 2016,Essential,49,51,35,41,NA,15,1767,±3,Online (members),2016-05-26,2016-05-29,26–29 May 2016,2016,May,May,26,29,NA,NA
"21–22,
                               28–29 May 2016",Morgan,51,49,32.5,37.5,NA,17,3099,±1,In person and SMS,2016-05-21,2016-05-22,"21–22,
                               28–29 May 2016",2016,May,May,21,22,NA,NA
26-May-16,ReachTEL,52,48,36.5,41.1,NA,12.8,2700,?,Telephone (random),2016-05-26,2016-05-16,26-May-16,2016,May,May,26,16,NA,NA
19–22 May 2016,Essential,51,49,37,41,NA,13,1794,±3,Online (members),2016-05-19,2016-05-22,19–22 May 2016,2016,May,May,19,22,NA,NA
19–22 May 2016,Newspoll,51,49,36,41,NA,12,NA,±3,Landline,2016-05-19,2016-05-22,19–22 May 2016,2016,May,May,19,22,NA,NA
19-May-16,ReachTEL,50,50,36.6,42.6,NA,10.9,2407,?,Telephone (random),2016-05-19,2016-05-16,19-May-16,2016,May,May,19,16,NA,NA
17–19 May 2016,Ipsos,49,51,34,43,NA,9,1497,±2.5,Telephone (random),2016-05-17,2016-05-19,17–19 May 2016,2016,May,May,17,19,NA,NA
14–15 May 2016,Morgan,52.5,47.5,33,36.5,NA,15,2318,±1,In person and SMS,2016-05-14,2016-05-15,14–15 May 2016,2016,May,May,14,15,NA,NA
12–15 May 2016,Essential,51,49,38,42,NA,11,1784,±3,Online (members),2016-05-12,2016-05-15,12–15 May 2016,2016,May,May,12,15,NA,NA
6–8 May 2016,Lonergan,50,50,35,42,NA,10,1841,?,Landline and mobile,2016-05-06,2016-05-08,6–8 May 2016,2016,May,May,6,8,NA,NA
5–8 May 2016,Essential,51,49,38,42,NA,10,1754,±3,Online (members),2016-05-05,2016-05-08,5–8 May 2016,2016,May,May,5,8,NA,NA
5–8 May 2016,Newspoll,51,49,37,41,NA,11,NA,±3,Landline,2016-05-05,2016-05-08,5–8 May 2016,2016,May,May,5,8,NA,NA
5–7 May 2016,Ipsos,49,51,33,44,NA,9,1410,±2.6,Telephone (random),2016-05-05,2016-05-07,5–7 May 2016,2016,May,May,5,7,NA,NA
4–6 May 2016,Galaxy,50,50,36,42,NA,11,1739,±2.5,?,2016-05-04,2016-05-06,4–6 May 2016,2016,May,May,4,6,NA,NA
05-May-16,ReachTEL,50,50,35.1,43.2,NA,12.2,2450,?,Telephone (random),2016-05-05,2016-05-16,05-May-16,2016,May,May,05,16,NA,NA
27 Apr – 1 May 2016,Essential,52,48,38,40,NA,12,1753,±3,Online (members),2016-04-27,2016-05-01,27 Apr – 1 May 2016,2016,Apr,May,27,1,NA,NA
"23–24, 30 Apr – 1 May 2016",Morgan,51,49,32.5,40,NA,14,2951,±1,In person and SMS,2016-04-23,2016-05-24,"23–24, 30 Apr – 1 May 2016",2016,Apr,May,23,24,NA,NA
20–24 Apr 2016,Essential,52,48,39,40,NA,11,1740,±3,Online (members),2016-04-20,2016-04-24,20–24 Apr 2016,2016,Apr,Apr,20,24,NA,NA
14–17 Apr 2016,Newspoll,51,49,36,41,NA,12,NA,±3,Landline,2016-04-14,2016-04-17,14–17 Apr 2016,2016,Apr,Apr,14,17,NA,NA
13–17 Apr 2016,Essential,50,50,36,42,NA,11,1753,±3,Online (members),2016-04-13,2016-04-17,13–17 Apr 2016,2016,Apr,Apr,13,17,NA,NA
"9–10,
                               16–17 Apr 2016",Morgan,50,50,32,40.5,NA,13.5,3083,±1,In person and SMS,2016-04-09,2016-04-10,"9–10,
                               16–17 Apr 2016",2016,Apr,Apr,9,10,NA,NA
14–16 Apr 2016,Ipsos,50,50,33,42,NA,11,1402,±2.6,Telephone (random),2016-04-14,2016-04-16,14–16 Apr 2016,2016,Apr,Apr,14,16,NA,NA
14-Apr-16,ReachTEL,50,50,35.8,43.5,NA,10.9,2415,?,Telephone (random),2016-04-14,2016-04-16,14-Apr-16,2016,Apr,Apr,14,16,NA,NA
6–10 Apr 2016,Essential,50,50,35,42,NA,12,1792,±3,Online (members),2016-04-06,2016-04-10,6–10 Apr 2016,2016,Apr,Apr,6,10,NA,NA
31 Mar – 3 Apr 2016,Newspoll,51,49,36,41,NA,12,NA,±3,Landline,2016-03-31,2016-04-03,31 Mar – 3 Apr 2016,2016,Mar,Apr,31,3,NA,NA
"26–27 Mar, 2–3 Apr 2016",Morgan,47.5,52.5,31,42,NA,14,3174,±1,In person and SMS,2016-03-26,2016-04-27,"26–27 Mar, 2–3 Apr 2016",2016,Mar,Apr,26,27,NA,NA
21-Mar-16,ReachTEL,48,52,34.4,46.6,NA,8.6,3274,?,Telephone (random),2016-03-21,2016-03-16,21-Mar-16,2016,Mar,Mar,21,16,NA,NA
17–20 Mar 2016,Newspoll,49,51,34,43,NA,11,NA,±3%,Landline,2016-03-17,2016-03-20,17–20 Mar 2016,2016,Mar,Mar,17,20,NA,NA
16–20 Mar 2016,Essential,50,50,38,43,NA,9,1790,±3,Online (members),2016-03-16,2016-03-20,16–20 Mar 2016,2016,Mar,Mar,16,20,NA,NA
"12–13,
                               19–20 Mar 2016",Morgan,50.5,49.5,33,40,NA,13,2948,±1,In person and SMS,2016-03-12,2016-03-13,"12–13,
                               19–20 Mar 2016",2016,Mar,Mar,12,13,NA,NA
10–12 Mar 2016,Ipsos,47,53,31,45,NA,10,NA,NA,NA,2016-03-10,2016-03-12,10–12 Mar 2016,2016,Mar,Mar,10,12,NA,NA
3–6 Mar 2016,Newspoll,50,50,35,43,NA,10,NA,NA,NA,2016-03-03,2016-03-06,3–6 Mar 2016,2016,Mar,Mar,3,6,NA,NA
2–6 Mar 2016,Essential,50,50,37,43,NA,10,NA,NA,NA,2016-03-02,2016-03-06,2–6 Mar 2016,2016,Mar,Mar,2,6,NA,NA
"27–28 Feb, 5–6 Mar 2016",Morgan,47,53,29.5,43,NA,14.5,NA,NA,NA,2016-02-27,2016-03-28,"27–28 Feb, 5–6 Mar 2016",2016,Feb,Mar,27,28,NA,NA
24–28 Feb 2016,Essential,50,50,38,43,NA,9,NA,NA,NA,2016-02-24,2016-02-28,24–28 Feb 2016,2016,Feb,Feb,24,28,NA,NA
18–21 Feb 2016,Newspoll,50,50,35,43,NA,10,NA,NA,NA,2016-02-18,2016-02-21,18–21 Feb 2016,2016,Feb,Feb,18,21,NA,NA
17–21 Feb 2016,Essential,48,52,35,44,NA,11,NA,NA,NA,2016-02-17,2016-02-21,17–21 Feb 2016,2016,Feb,Feb,17,21,NA,NA
"13–14, 20–21 Feb 2016",Morgan,47.5,52.5,29.5,43.5,NA,12,NA,NA,NA,2016-02-13,2016-02-14,"13–14, 20–21 Feb 2016",2016,Feb,Feb,13,14,NA,NA
11–13 Feb 2016,Ipsos,48,52,32,44,NA,10,NA,NA,NA,2016-02-11,2016-02-13,11–13 Feb 2016,2016,Feb,Feb,11,13,NA,NA
11-Feb-16,ReachTEL,46,54,32.8,48.1,NA,9,NA,NA,NA,2016-02-11,2016-02-16,11-Feb-16,2016,Feb,Feb,11,16,NA,NA
3–7 Feb 2016,Essential,48,52,35,44,NA,10,NA,NA,NA,2016-02-03,2016-02-07,3–7 Feb 2016,2016,Feb,Feb,3,7,NA,NA
"30–31 Jan,
                               6–7 Feb 2016",Morgan,47.5,52.5,29,43.5,NA,11.5,NA,NA,NA,2016-01-30,2016-01-31,"30–31 Jan,
                               6–7 Feb 2016",2016,Jan,Jan,30,31,NA,NA
28–31 Jan 2016,Newspoll,47,53,34,46,NA,9,NA,NA,NA,2016-01-28,2016-01-31,28–31 Jan 2016,2016,Jan,Jan,28,31,NA,NA
"16–17, 23–24 Jan 2016",Morgan,45,55,28,43.5,NA,13.5,NA,NA,NA,2016-01-16,2016-01-17,"16–17, 23–24 Jan 2016",2016,Jan,Jan,16,17,NA,NA
21-Jan-16,ReachTEL,45,55,31.8,48.5,NA,9.1,NA,NA,NA,2016-01-21,2016-01-16,21-Jan-16,2016,Jan,Jan,21,16,NA,NA
15–18 Jan 2016,Essential,49,51,35,44,NA,12,NA,NA,NA,2016-01-15,2016-01-18,15–18 Jan 2016,2016,Jan,Jan,15,18,NA,NA
"2–3, 9–10 Jan 2016",Morgan,44,56,29,47,NA,11,NA,NA,NA,2016-01-02,2016-01-03,"2–3, 9–10 Jan 2016",2016,Jan,Jan,2,3,NA,NA
15-Dec-15,Essential,48,52,35,45,NA,10,NA,NA,NA,2015-12-15,2015-12-15,15-Dec-15,2015,Dec,Dec,15,15,NA,NA
"5–6, 12–13 Dec 2015",Morgan,42.5,57.5,27,48,NA,10.5,NA,NA,NA,2015-12-05,2015-12-06,"5–6, 12–13 Dec 2015",2015,Dec,Dec,5,6,NA,NA
08-Dec-15,Essential,49,51,36,44,NA,10,NA,NA,NA,2015-12-08,2015-12-15,08-Dec-15,2015,Dec,Dec,08,15,NA,NA
4–6 Dec 2015,Newspoll,47,53,33,45,NA,10,NA,NA,NA,2015-12-04,2015-12-06,4–6 Dec 2015,2015,Dec,Dec,4,6,NA,NA
01-Dec-15,Essential,49,51,35,44,NA,10,NA,NA,NA,2015-12-01,2015-12-15,01-Dec-15,2015,Dec,Dec,01,15,NA,NA
"21–22, 28–29 Nov 2015",Morgan,44,56,28.5,46.5,NA,11,NA,NA,NA,2015-11-21,2015-11-22,"21–22, 28–29 Nov 2015",2015,Nov,Nov,21,22,NA,NA
26-Nov-15,ReachTEL,45,55,31.1,48.8,NA,8.9,NA,NA,NA,2015-11-26,2015-11-15,26-Nov-15,2015,Nov,Nov,26,15,NA,NA
24-Nov-15,Essential,48,52,35,45,NA,10,NA,NA,NA,2015-11-24,2015-11-15,24-Nov-15,2015,Nov,Nov,24,15,NA,NA
19–22 Nov 2015,Newspoll,47,53,33,46,NA,10,NA,NA,NA,2015-11-19,2015-11-22,19–22 Nov 2015,2015,Nov,Nov,19,22,NA,NA
"7–8, 14–15 Nov 2015",Morgan,44,56,28,46,NA,11.5,NA,NA,NA,2015-11-07,2015-11-08,"7–8, 14–15 Nov 2015",2015,Nov,Nov,7,8,NA,NA
12–14 Nov 2015,Ipsos,43,57,29,48,NA,10,NA,NA,NA,2015-11-12,2015-11-14,12–14 Nov 2015,2015,Nov,Nov,12,14,NA,NA
10-Nov-15,Essential,48,52,35,45,NA,11,NA,NA,NA,2015-11-10,2015-11-15,10-Nov-15,2015,Nov,Nov,10,15,NA,NA
6–8 Nov 2015,Newspoll,47,53,34,46,NA,10,NA,NA,NA,2015-11-06,2015-11-08,6–8 Nov 2015,2015,Nov,Nov,6,8,NA,NA
03-Nov-15,Essential,47,53,34,45,NA,10,NA,NA,NA,2015-11-03,2015-11-15,03-Nov-15,2015,Nov,Nov,03,15,NA,NA
"24–25 Oct,
                               1 Nov 2015",Morgan,43.5,56.5,28.5,47,NA,10,NA,NA,NA,2015-10-24,2015-10-25,"24–25 Oct,
                               1 Nov 2015",2015,Oct,Oct,24,25,NA,NA
27-Oct-15,Essential,48,52,35,45,NA,9,NA,NA,NA,2015-10-27,2015-10-15,27-Oct-15,2015,Oct,Oct,27,15,NA,NA
23–25 Oct 2015,Newspoll,48,52,35,45,NA,9,NA,NA,NA,2015-10-23,2015-10-25,23–25 Oct 2015,2015,Oct,Oct,23,25,NA,NA
22-Oct-15,ReachTEL,47,53,33,46.7,NA,9.1,NA,NA,NA,2015-10-22,2015-10-15,22-Oct-15,2015,Oct,Oct,22,15,NA,NA
20-Oct-15,Essential,49,51,36,44,NA,9,NA,NA,NA,2015-10-20,2015-10-15,20-Oct-15,2015,Oct,Oct,20,15,NA,NA
"10–11, 17–18 Oct 2015",Morgan,44,56,27.5,46.5,NA,10.5,NA,NA,NA,2015-10-10,2015-10-11,"10–11, 17–18 Oct 2015",2015,Oct,Oct,10,11,NA,NA
15–17 Oct 2015,Ipsos,46,54,30,45,NA,10,NA,NA,NA,2015-10-15,2015-10-17,15–17 Oct 2015,2015,Oct,Oct,15,17,NA,NA
13-Oct-15,Essential,49,51,36,44,NA,10,NA,NA,NA,2015-10-13,2015-10-15,13-Oct-15,2015,Oct,Oct,13,15,NA,NA
9–11 Oct 2015,Newspoll,50,50,35,43,NA,10,NA,NA,NA,2015-10-09,2015-10-11,9–11 Oct 2015,2015,Oct,Oct,9,11,NA,NA
"26–27 Sep, 1–5 Oct 2015",Morgan,44,56,27.5,47,NA,11.5,NA,NA,NA,2015-09-26,2015-10-27,"26–27 Sep, 1–5 Oct 2015",2015,Sep,Oct,26,27,NA,NA
1–4 Oct 2015,Essential,48,52,35,44,NA,10,NA,NA,NA,2015-10-01,2015-10-04,1–4 Oct 2015,2015,Oct,Oct,1,4,NA,NA
24–28 Sep 2015,Essential,48,52,35,44,NA,11,NA,NA,NA,2015-09-24,2015-09-28,24–28 Sep 2015,2015,Sep,Sep,24,28,NA,NA
17–21 Sep 2015,Essential,50,50,37,43,NA,9,NA,NA,NA,2015-09-17,2015-09-21,17–21 Sep 2015,2015,Sep,Sep,17,21,NA,NA
19–20 Sep 2015,Morgan,45,55,29.5,46,NA,11.5,NA,NA,NA,2015-09-19,2015-09-20,19–20 Sep 2015,2015,Sep,Sep,19,20,NA,NA
17–20 Sep 2015,Newspoll,49,51,35,44,NA,10,NA,NA,NA,2015-09-17,2015-09-20,17–20 Sep 2015,2015,Sep,Sep,17,20,NA,NA
15–16 Sep 2015,Galaxy,49,51,36,44,NA,2,NA,NA,NA,2015-09-15,2015-09-16,15–16 Sep 2015,2015,Sep,Sep,15,16,NA,NA
15-Sep-15,ReachTEL,50,50,35.9,43.3,NA,8.9,NA,NA,NA,2015-09-15,2015-09-15,15-Sep-15,2015,Sep,Sep,15,15,NA,NA
12–13 Sep 2015,Morgan,57,43,36.5,35,NA,12.5,NA,NA,NA,2015-09-12,2015-09-13,12–13 Sep 2015,2015,Sep,Sep,12,13,NA,NA
5–6 Sep 2015,Morgan,55,45,35.5,36.5,NA,11.5,NA,NA,NA,2015-09-05,2015-09-06,5–6 Sep 2015,2015,Sep,Sep,5,6,NA,NA
4–6 Sep 2015,Newspoll,54,46,39,39,NA,10,NA,NA,NA,2015-09-04,2015-09-06,4–6 Sep 2015,2015,Sep,Sep,4,6,NA,NA
26–30 Aug 2015,Essential,52,48,38,40,NA,12,NA,NA,NA,2015-08-26,2015-08-30,26–30 Aug 2015,2015,Aug,Aug,26,30,NA,NA
27-Aug-15,ReachTEL,53,47,37.5,40.3,NA,8.9,NA,NA,NA,2015-08-27,2015-08-15,27-Aug-15,2015,Aug,Aug,27,15,NA,NA
22–23 Aug 2015,Morgan,54.5,45.5,36,38.5,NA,11.5,NA,NA,NA,2015-08-22,2015-08-23,22–23 Aug 2015,2015,Aug,Aug,22,23,NA,NA
20–23 Aug 2015,Newspoll,54,46,39,38,NA,10,NA,NA,NA,2015-08-20,2015-08-23,20–23 Aug 2015,2015,Aug,Aug,20,23,NA,NA
13–15 Aug 2015,Ipsos,56,44,36,38,NA,11,NA,NA,NA,2015-08-13,2015-08-15,13–15 Aug 2015,2015,Aug,Aug,13,15,NA,NA
11–14 Aug 2015,Essential,52,48,38,41,NA,11,NA,NA,NA,2015-08-11,2015-08-14,11–14 Aug 2015,2015,Aug,Aug,11,14,NA,NA
8–9 Aug 2015,Morgan,57,43,37,36.5,NA,11,NA,NA,NA,2015-08-08,2015-08-09,8–9 Aug 2015,2015,Aug,Aug,8,9,NA,NA
8–9 Aug 2015,Newspoll,54,46,39,39,NA,9,NA,NA,NA,2015-08-08,2015-08-09,8–9 Aug 2015,2015,Aug,Aug,8,9,NA,NA
4–7 Aug 2015,Essential,53,47,39,40,NA,9,NA,NA,NA,2015-08-04,2015-08-07,4–7 Aug 2015,2015,Aug,Aug,4,7,NA,NA
06-Aug-15,ReachTel,53,47,38.3,40.2,NA,8.7,NA,NA,NA,2015-08-06,2015-08-15,06-Aug-15,2015,Aug,Aug,06,15,NA,NA
28–31 Jul 2015,Essential,53,47,38,39,NA,10,NA,NA,NA,2015-07-28,2015-07-31,28–31 Jul 2015,2015,Jul,Jul,28,31,NA,NA
30-Jul-15,ReachTel,53,47,38,40.6,NA,8.6,NA,NA,NA,2015-07-30,2015-07-15,30-Jul-15,2015,Jul,Jul,30,15,NA,NA
25–26 Jul 2015,Morgan,54,46,35.5,39,NA,10.5,NA,NA,NA,2015-07-25,2015-07-26,25–26 Jul 2015,2015,Jul,Jul,25,26,NA,NA
16–19 Jul 2015,Newspoll,53,47,39,40,NA,9,NA,NA,NA,2015-07-16,2015-07-19,16–19 Jul 2015,2015,Jul,Jul,16,19,NA,NA
14–17 Jul 2015,Essential,52,48,38,41,NA,11,NA,NA,NA,2015-07-14,2015-07-17,14–17 Jul 2015,2015,Jul,Jul,14,17,NA,NA
11–12 Jul 2015,Morgan,51,49,34.5,41.5,NA,10.5,NA,NA,NA,2015-07-11,2015-07-12,11–12 Jul 2015,2015,Jul,Jul,11,12,NA,NA
4–5 Jul 2015,Newspoll,52,48,37,40,NA,10,NA,NA,NA,2015-07-04,2015-07-05,4–5 Jul 2015,2015,Jul,Jul,4,5,NA,NA
2–4 Jul 2015,Ipsos,53,47,35,39,NA,10,NA,NA,NA,2015-07-02,2015-07-04,2–4 Jul 2015,2015,Jul,Jul,2,4,NA,NA
27–28 Jun 2015,Morgan,53.5,46.5,36,39,NA,11,NA,NA,NA,2015-06-27,2015-06-28,27–28 Jun 2015,2015,Jun,Jun,27,28,NA,NA
16-Jun-15,Newspoll,51,49,34,40,NA,12,NA,NA,NA,2015-06-16,2015-06-15,16-Jun-15,2015,Jun,Jun,16,15,NA,NA
16-Jun-15,Essential,52,48,39,42,NA,9,NA,NA,NA,2015-06-16,2015-06-15,16-Jun-15,2015,Jun,Jun,16,15,NA,NA
13–14 Jun 2015,Morgan,54.5,45.5,37.5,37.5,NA,11.5,NA,NA,NA,2015-06-13,2015-06-14,13–14 Jun 2015,2015,Jun,Jun,13,14,NA,NA
11–13 Jun 2015,Ipsos,53,47,37,40,NA,10,NA,NA,NA,2015-06-11,2015-06-13,11–13 Jun 2015,2015,Jun,Jun,11,13,NA,NA
11–13 Jun 2015,Essential,52,48,40,41,NA,10,NA,NA,NA,2015-06-11,2015-06-13,11–13 Jun 2015,2015,Jun,Jun,11,13,NA,NA
02-Jun-15,Newspoll,52,48,37,41,NA,9,NA,NA,NA,2015-06-02,2015-06-15,02-Jun-15,2015,Jun,Jun,02,15,NA,NA
02-Jun-15,Essential,52,48,37,41,NA,9,NA,NA,NA,2015-06-02,2015-06-15,02-Jun-15,2015,Jun,Jun,02,15,NA,NA
"23–24, 30–31 May 2015",Morgan,53,47,37,41,NA,9,NA,NA,NA,2015-05-23,2015-05-24,"23–24, 30–31 May 2015",2015,May,May,23,24,NA,NA
26-May-15,Essential,52,48,39,41,NA,9,NA,NA,NA,2015-05-26,2015-05-15,26-May-15,2015,May,May,26,15,NA,NA
18-May-15,Morgan,51,49,35.5,41.5,NA,10.5,NA,NA,NA,2015-05-18,2015-05-15,18-May-15,2015,May,May,18,15,NA,NA
17-May-15,Ipsos,50,50,35,43,NA,9,NA,NA,NA,2015-05-17,2015-05-15,17-May-15,2015,May,May,17,15,NA,NA
17-May-15,Newspoll,53,47,37,40,NA,11,NA,NA,NA,2015-05-17,2015-05-15,17-May-15,2015,May,May,17,15,NA,NA
13-May-15,ReachTel,53,47,38.3,41.1,NA,8.6,NA,NA,NA,2015-05-13,2015-05-15,13-May-15,2015,May,May,13,15,NA,NA
7–10 May 2015,Essential,52,48,39,41,NA,10,NA,NA,NA,2015-05-07,2015-05-10,7–10 May 2015,2015,May,May,7,10,NA,NA
04-May-15,Newspoll,52,48,35,39,NA,14,NA,NA,NA,2015-05-04,2015-05-15,04-May-15,2015,May,May,04,15,NA,NA
04-May-15,Morgan,53.5,46.5,37.5,40,NA,11,NA,NA,NA,2015-05-04,2015-05-15,04-May-15,2015,May,May,04,15,NA,NA
28-Apr-15,Essential,53,47,39,40,NA,11,NA,NA,NA,2015-04-28,2015-04-15,28-Apr-15,2015,Apr,Apr,28,15,NA,NA
21-Apr-15,Essential,52,48,39,41,NA,10,NA,NA,NA,2015-04-21,2015-04-15,21-Apr-15,2015,Apr,Apr,21,15,NA,NA
"11–12,
                               18–19 Apr 2015",Morgan,53,47,38,38.5,NA,11,NA,NA,NA,2015-04-11,2015-04-12,"11–12,
                               18–19 Apr 2015",2015,Apr,Apr,11,12,NA,NA
14-Apr-15,Essential,52,48,39,41,NA,11,NA,NA,NA,2015-04-14,2015-04-15,14-Apr-15,2015,Apr,Apr,14,15,NA,NA
10–12 Apr 2015,Newspoll,51,49,36,41,NA,12,NA,NA,NA,2015-04-10,2015-04-12,10–12 Apr 2015,2015,Apr,Apr,10,12,NA,NA
9–11 Apr 2015,Ipsos,54,46,38,39,NA,9,NA,NA,NA,2015-04-09,2015-04-11,9–11 Apr 2015,2015,Apr,Apr,9,11,NA,NA
"28–29 Mar, 3–6 Apr 2015",Morgan,53,47,36,40.5,NA,11,NA,NA,NA,2015-03-28,2015-04-29,"28–29 Mar, 3–6 Apr 2015",2015,Mar,Apr,28,29,NA,NA
29-Mar-15,ReachTEL,54,46,40.5,39.6,NA,8.5,NA,NA,NA,2015-03-29,2015-03-15,29-Mar-15,2015,Mar,Mar,29,15,NA,NA
20–22 Mar 2015,Newspoll,51,49,37,41,NA,11,NA,NA,NA,2015-03-20,2015-03-22,20–22 Mar 2015,2015,Mar,Mar,20,22,NA,NA
"14–15, 21–22 Mar 2015",Morgan,56,44,40,38,NA,11,NA,NA,NA,2015-03-14,2015-03-15,"14–15, 21–22 Mar 2015",2015,Mar,Mar,14,15,NA,NA
17-Mar-15,Essential,52,48,39,40,NA,11,NA,NA,NA,2015-03-17,2015-03-15,17-Mar-15,2015,Mar,Mar,17,15,NA,NA
10-Mar-15,Essential,53,47,40,40,NA,11,NA,NA,NA,2015-03-10,2015-03-15,10-Mar-15,2015,Mar,Mar,10,15,NA,NA
7–8 Mar 2015,Newspoll,55,45,39,38,NA,11,NA,NA,NA,2015-03-07,2015-03-08,7–8 Mar 2015,2015,Mar,Mar,7,8,NA,NA
"28 Feb–1, 7–8 Mar 2015",Morgan,53.5,46.5,38,39,NA,11.5,NA,NA,NA,2015-02-28,2015-03-01,"28 Feb–1, 7–8 Mar 2015",2015,Feb,Mar,28,1,NA,NA
26–28 Feb 2015,Ipsos,51,49,36,42,NA,10,NA,NA,NA,2015-02-26,2015-02-28,26–28 Feb 2015,2015,Feb,Feb,26,28,NA,NA
20–22 Feb 2015,Essential,53,47,41,40,NA,10,NA,NA,NA,2015-02-20,2015-02-22,20–22 Feb 2015,2015,Feb,Feb,20,22,NA,NA
20–22 Feb 2015,Newspoll,53,47,38,38,NA,12,NA,NA,NA,2015-02-20,2015-02-22,20–22 Feb 2015,2015,Feb,Feb,20,22,NA,NA
6–8 Feb 2015,Newspoll,57,43,41,35,NA,12,NA,NA,NA,2015-02-06,2015-02-08,6–8 Feb 2015,2015,Feb,Feb,6,8,NA,NA
"31 Jan–1, 7–8 Feb 2015",Morgan,57.5,42.5,41,35,NA,12,NA,NA,NA,2015-01-31,2015-02-01,"31 Jan–1, 7–8 Feb 2015",2015,Jan,Feb,31,1,NA,NA
05-Feb-15,ReachTEL,55,45,41.4,38.4,NA,8.9,NA,NA,NA,2015-02-05,2015-02-15,05-Feb-15,2015,Feb,Feb,05,15,NA,NA
4–5 Feb 2015,Galaxy,57,43,43,36,NA,10,NA,NA,NA,2015-02-04,2015-02-05,4–5 Feb 2015,2015,Feb,Feb,4,5,NA,NA
28–30 Jan 2015,Galaxy,57,43,43,36,NA,10,NA,NA,NA,2015-01-28,2015-01-30,28–30 Jan 2015,2015,Jan,Jan,28,30,NA,NA
27-Jan-15,ReachTEL,54,46,40.2,39.7,NA,8.8,NA,NA,NA,2015-01-27,2015-01-15,27-Jan-15,2015,Jan,Jan,27,15,NA,NA
r27 Jan 2015,Essential,54,46,41,39,NA,11,NA,NA,NA,2015-01-27,2015-01-27,r27 Jan 2015,2015,Jan,Jan,27,27,NA,NA
20-Jan-15,Essential,53,47,40,40,NA,11,NA,NA,NA,2015-01-20,2015-01-15,20-Jan-15,2015,Jan,Jan,20,15,NA,NA
13-Jan-15,Essential,54,46,40,38,NA,11,NA,NA,NA,2015-01-13,2015-01-15,13-Jan-15,2015,Jan,Jan,13,15,NA,NA
12-Jan-15,Morgan,54.5,45.5,38.5,38.5,NA,13.5,NA,NA,NA,2015-01-12,2015-01-15,12-Jan-15,2015,Jan,Jan,12,15,NA,NA
23–27 Dec 2014,Morgan,56.5,43.5,39.5,37.5,NA,11,NA,NA,NA,2014-12-23,2014-12-27,23–27 Dec 2014,2014,Dec,Dec,23,27,NA,NA
16-Dec-14,Essential,52,48,38,40,NA,12,NA,NA,NA,2014-12-16,2014-12-14,16-Dec-14,2014,Dec,Dec,16,14,NA,NA
12–15 Dec 2014,Newspoll,54,46,39,38,NA,11,NA,NA,NA,2014-12-12,2014-12-15,12–15 Dec 2014,2014,Dec,Dec,12,15,NA,NA
"6–7, 13–14 Dec 2014",Morgan,57.5,42.5,41,35,NA,12.5,NA,NA,NA,2014-12-06,2014-12-07,"6–7, 13–14 Dec 2014",2014,Dec,Dec,6,7,NA,NA
4–6 Dec 2014,Ipsos,52,48,37,40,NA,11,NA,NA,NA,2014-12-04,2014-12-06,4–6 Dec 2014,2014,Dec,Dec,4,6,NA,NA
2–4 Dec 2014,Galaxy,55,45,41,38,NA,10,NA,NA,NA,2014-12-02,2014-12-04,2–4 Dec 2014,2014,Dec,Dec,2,4,NA,NA
02-Dec-14,Essential,53,47,40,40,NA,11,NA,NA,NA,2014-12-02,2014-12-14,02-Dec-14,2014,Dec,Dec,02,14,NA,NA
29–30 Nov 2014,Newspoll,54,46,37,37,NA,13,NA,NA,NA,2014-11-29,2014-11-30,29–30 Nov 2014,2014,Nov,Nov,29,30,NA,NA
"22–23, 29–30 Nov 2014",Morgan,53.5,46.5,37.5,37,NA,11.5,NA,NA,NA,2014-11-22,2014-11-23,"22–23, 29–30 Nov 2014",2014,Nov,Nov,22,23,NA,NA
25-Nov-14,Essential,52,48,39,40,NA,11,NA,NA,NA,2014-11-25,2014-11-14,25-Nov-14,2014,Nov,Nov,25,14,NA,NA
21-Nov-14,ReachTEL,53,47,38.7,40.2,NA,9.9,NA,NA,NA,2014-11-21,2014-11-14,21-Nov-14,2014,Nov,Nov,21,14,NA,NA
18-Nov-14,Newspoll,55,45,39,36,NA,14,NA,NA,NA,2014-11-18,2014-11-14,18-Nov-14,2014,Nov,Nov,18,14,NA,NA
17-Nov-14,Essential,52,48,38,40,NA,12,NA,NA,NA,2014-11-17,2014-11-14,17-Nov-14,2014,Nov,Nov,17,14,NA,NA
17-Nov-14,Morgan,55.5,44.5,38.5,38,NA,11.5,NA,NA,NA,2014-11-17,2014-11-14,17-Nov-14,2014,Nov,Nov,17,14,NA,NA
11-Nov-14,Essential,52,48,38,40,NA,13,NA,NA,NA,2014-11-11,2014-11-14,11-Nov-14,2014,Nov,Nov,11,14,NA,NA
04-Nov-14,Newspoll,54,46,36,38,NA,13,NA,NA,NA,2014-11-04,2014-11-14,04-Nov-14,2014,Nov,Nov,04,14,NA,NA
04-Nov-14,Essential,52,48,38,40,NA,12,NA,NA,NA,2014-11-04,2014-11-14,04-Nov-14,2014,Nov,Nov,04,14,NA,NA
"25–26 Oct,
                               1–2 Nov 2014",Morgan,54.5,45.5,37.5,38.5,NA,11.5,NA,NA,NA,2014-10-25,2014-10-26,"25–26 Oct,
                               1–2 Nov 2014",2014,Oct,Oct,25,26,NA,NA
30 Oct–1 Nov 2014,Ipsos,51,49,37,42,NA,10,NA,NA,NA,2014-10-30,2014-11-01,30 Oct–1 Nov 2014,2014,Oct,Nov,30,1,NA,NA
28-Oct-14,Essential,53,47,39,39,NA,12,NA,NA,NA,2014-10-28,2014-10-14,28-Oct-14,2014,Oct,Oct,28,14,NA,NA
23-Oct-14,ReachTEL,52,48,37.5,40.1,NA,10.9,NA,NA,NA,2014-10-23,2014-10-14,23-Oct-14,2014,Oct,Oct,23,14,NA,NA
21-Oct-14,Essential,53,47,39,40,NA,11,NA,NA,NA,2014-10-21,2014-10-14,21-Oct-14,2014,Oct,Oct,21,14,NA,NA
21-Oct-14,Newspoll,53,47,34,38,NA,14,NA,NA,NA,2014-10-21,2014-10-14,21-Oct-14,2014,Oct,Oct,21,14,NA,NA
20-Oct-14,Morgan,52,48,35.5,39.5,NA,13,NA,NA,NA,2014-10-20,2014-10-14,20-Oct-14,2014,Oct,Oct,20,14,NA,NA
14-Oct-14,Essential,52,48,39,41,NA,10,NA,NA,NA,2014-10-14,2014-10-14,14-Oct-14,2014,Oct,Oct,14,14,NA,NA
07-Oct-14,Essential,52,48,39,40,NA,11,NA,NA,NA,2014-10-07,2014-10-14,07-Oct-14,2014,Oct,Oct,07,14,NA,NA
4–5 Oct 2014,Morgan,53,47,35,40,NA,13,NA,NA,NA,2014-10-04,2014-10-05,4–5 Oct 2014,2014,Oct,Oct,4,5,NA,NA
4–5 Oct 2014,Galaxy,51,49,36,42,NA,10,NA,NA,NA,2014-10-04,2014-10-05,4–5 Oct 2014,2014,Oct,Oct,4,5,NA,NA
23-Sep-14,Newspoll,51,49,34,41,NA,14,NA,NA,NA,2014-09-23,2014-09-14,23-Sep-14,2014,Sep,Sep,23,14,NA,NA
"13–14,
                               20–21 Sep 2014",Morgan,54.5,45.5,37.5,38.5,NA,12,NA,NA,NA,2014-09-13,2014-09-14,"13–14,
                               20–21 Sep 2014",2014,Sep,Sep,13,14,NA,NA
18-Sep-14,ReachTEL,51,49,37.4,41.6,NA,10.5,NA,NA,NA,2014-09-18,2014-09-14,18-Sep-14,2014,Sep,Sep,18,14,NA,NA
"30–31 Aug, 6–7 Sep 2014",Morgan,54,46,37,38,NA,14.5,NA,NA,NA,2014-08-30,NA,"30–31 Aug, 6–7 Sep 2014",2014,Aug,Sep,30,31,NA,NA
5–7 Sep 2014,Newspoll,52,48,35,39,NA,12,NA,NA,NA,2014-09-05,2014-09-07,5–7 Sep 2014,2014,Sep,Sep,5,7,NA,NA
22–24 Aug 2014,Newspoll,51,49,34,40,NA,15,NA,NA,NA,2014-08-22,2014-08-24,22–24 Aug 2014,2014,Aug,Aug,22,24,NA,NA
"16–17, 23–24 Aug 2014",Morgan,55.5,44.5,38.5,37.5,NA,13.5,NA,NA,NA,2014-08-16,2014-08-17,"16–17, 23–24 Aug 2014",2014,Aug,Aug,16,17,NA,NA
19-Aug-14,Essential,52,48,38,40,NA,13,NA,NA,NA,2014-08-19,2014-08-14,19-Aug-14,2014,Aug,Aug,19,14,NA,NA
9–10 Aug 2014,Morgan,56,44,38,37.5,NA,13.5,NA,NA,NA,2014-08-09,2014-08-10,9–10 Aug 2014,2014,Aug,Aug,9,10,NA,NA
8–10 Aug 2014,Newspoll,52,48,34,40,NA,13,NA,NA,NA,2014-08-08,2014-08-10,8–10 Aug 2014,2014,Aug,Aug,8,10,NA,NA
25–27 Jul 2014,Newspoll,54,46,36,36,NA,16,NA,NA,NA,2014-07-25,2014-07-27,25–27 Jul 2014,2014,Jul,Jul,25,27,NA,NA
11–13 Jul 2014,Newspoll,54,46,37,36,NA,16,NA,NA,NA,2014-07-11,2014-07-13,11–13 Jul 2014,2014,Jul,Jul,11,13,NA,NA
01-Jul-14,Essential,52,48,38,40,NA,13,NA,NA,NA,2014-07-01,2014-07-14,01-Jul-14,2014,Jul,Jul,01,14,NA,NA
30-Jun-14,Morgan,57.5,42.5,36.5,35,NA,16.5,NA,NA,NA,2014-06-30,2014-06-14,30-Jun-14,2014,Jun,Jun,30,14,NA,NA
27–29 Jun 2014,Newspoll,55,45,37,35,NA,15,NA,NA,NA,2014-06-27,2014-06-29,27–29 Jun 2014,2014,Jun,Jun,27,29,NA,NA
13–15 Jun 2014,Newspoll,53,47,36,37,NA,17,NA,NA,NA,2014-06-13,2014-06-15,13–15 Jun 2014,2014,Jun,Jun,13,15,NA,NA
30 May–1 Jun 2014,Newspoll,54,46,37,36,NA,15,NA,NA,NA,2014-05-30,2014-06-01,30 May–1 Jun 2014,2014,May,Jun,30,1,NA,NA
27-May-14,Essential,52,48,39,40,NA,12,NA,NA,NA,2014-05-27,2014-05-14,27-May-14,2014,May,May,27,14,NA,NA
20-May-14,Essential,52,48,40,40,NA,12,NA,NA,NA,2014-05-20,2014-05-14,20-May-14,2014,May,May,20,14,NA,NA
17–18 May 2014,Morgan,57.5,42.5,38.5,35,NA,14.5,NA,NA,NA,2014-05-17,2014-05-18,17–18 May 2014,2014,May,May,17,18,NA,NA
16–18 May 2014,Newspoll,55,45,38,36,NA,15,NA,NA,NA,2014-05-16,2014-05-18,16–18 May 2014,2014,May,May,16,18,NA,NA
15–17 May 2014,Nielsen,56,44,40,35,NA,12,NA,NA,NA,2014-05-15,2014-05-17,15–17 May 2014,2014,May,May,15,17,NA,NA
04-May-14,Galaxy,52,48,37,39,NA,13,NA,NA,NA,2014-05-04,2014-05-14,04-May-14,2014,May,May,04,14,NA,NA
2–4 May 2014,Newspoll,53,47,34,38,NA,14,NA,NA,NA,2014-05-02,2014-05-04,2–4 May 2014,2014,May,May,2,4,NA,NA
30-Apr-14,Essential,52,48,38,40,NA,11,NA,NA,NA,2014-04-30,2014-04-14,30-Apr-14,2014,Apr,Apr,30,14,NA,NA
22-Apr-14,Morgan,52,48,34,38.5,NA,14.5,NA,NA,NA,2014-04-22,2014-04-14,22-Apr-14,2014,Apr,Apr,22,14,NA,NA
15-Apr-14,Essential,50,50,37,42,NA,11,NA,NA,NA,2014-04-15,2014-04-14,15-Apr-14,2014,Apr,Apr,15,14,NA,NA
13-Apr-14,Nielsen,52,48,34,40,NA,9,NA,NA,NA,2014-04-13,2014-04-14,13-Apr-14,2014,Apr,Apr,13,14,NA,NA
08-Apr-14,Essential,51,49,38,42,NA,11,NA,NA,NA,2014-04-08,2014-04-14,08-Apr-14,2014,Apr,Apr,08,14,NA,NA
07-Apr-14,Morgan,51.5,48.5,34.5,38.5,NA,15,NA,NA,NA,2014-04-07,2014-04-14,07-Apr-14,2014,Apr,Apr,07,14,NA,NA
4–6 Apr 2014,Newspoll,49,51,34,43,NA,12,NA,NA,NA,2014-04-04,2014-04-06,4–6 Apr 2014,2014,Apr,Apr,4,6,NA,NA
25-Mar-14,Morgan,54.5,45.5,38.5,38,NA,12.5,NA,NA,NA,2014-03-25,2014-03-14,25-Mar-14,2014,Mar,Mar,25,14,NA,NA
25-Mar-14,Essential,49,51,37,44,NA,11,NA,NA,NA,2014-03-25,2014-03-14,25-Mar-14,2014,Mar,Mar,25,14,NA,NA
21–23 Mar 2014,Newspoll,52,48,36,40,NA,11,NA,NA,NA,2014-03-21,2014-03-23,21–23 Mar 2014,2014,Mar,Mar,21,23,NA,NA
18-Mar-14,Essential,49,51,36,43,NA,12,NA,NA,NA,2014-03-18,2014-03-14,18-Mar-14,2014,Mar,Mar,18,14,NA,NA
13–15 Mar 2014,Nielsen,49,51,35,44,NA,10,NA,NA,NA,2014-03-13,2014-03-15,13–15 Mar 2014,2014,Mar,Mar,13,15,NA,NA
7–9 Mar 2014,Newspoll,51,49,35,41,NA,13,NA,NA,NA,2014-03-07,2014-03-09,7–9 Mar 2014,2014,Mar,Mar,7,9,NA,NA
05-Mar-14,Essential,49,51,38,44,NA,10,NA,NA,NA,2014-03-05,2014-03-14,05-Mar-14,2014,Mar,Mar,05,14,NA,NA
23-Feb-14,Morgan,50.5,49.5,35.5,41,NA,13,NA,NA,NA,2014-02-23,2014-02-14,23-Feb-14,2014,Feb,Feb,23,14,NA,NA
21–23 Feb 2014,Newspoll,54,46,39,39,NA,12,NA,NA,NA,2014-02-21,2014-02-23,21–23 Feb 2014,2014,Feb,Feb,21,23,NA,NA
15-Feb-14,Nielsen,48,52,33,44,NA,11,NA,NA,NA,2014-02-15,2014-02-14,15-Feb-14,2014,Feb,Feb,15,14,NA,NA
7–9 Feb 2014,Newspoll,51,49,35,41,NA,12,NA,NA,NA,2014-02-07,2014-02-09,7–9 Feb 2014,2014,Feb,Feb,7,9,NA,NA
28-Jan-14,Morgan,53,47,37,39.5,NA,12,NA,NA,NA,2014-01-28,2014-01-14,28-Jan-14,2014,Jan,Jan,28,14,NA,NA
23-Jan-14,ReachTEL,53,47,40.6,39.8,NA,9.1,NA,NA,NA,2014-01-23,2014-01-14,23-Jan-14,2014,Jan,Jan,23,14,NA,NA
17–20 Jan 2014,Essential,49,51,37,43,NA,11,NA,NA,NA,2014-01-17,2014-01-20,17–20 Jan 2014,2014,Jan,Jan,17,20,NA,NA
13-Jan-14,Morgan,52.5,47.5,39,38,NA,12.5,NA,NA,NA,2014-01-13,2014-01-14,13-Jan-14,2014,Jan,Jan,13,14,NA,NA
16-Dec-13,Morgan,52.5,47.5,38.5,40.5,NA,11,NA,NA,NA,2013-12-16,2013-12-13,16-Dec-13,2013,Dec,Dec,16,13,NA,NA
15-Dec-13,ReachTEL,52,48,40.4,41.4,NA,9.5,NA,NA,NA,2013-12-15,2013-12-13,15-Dec-13,2013,Dec,Dec,15,13,NA,NA
6–8 Dec 2013,Newspoll,52,48,38,40,NA,11,NA,NA,NA,2013-12-06,2013-12-08,6–8 Dec 2013,2013,Dec,Dec,6,8,NA,NA
28 Nov–2 Dec 2013,Essential,48,52,36,44,NA,11,NA,NA,NA,2013-11-28,2013-12-02,28 Nov–2 Dec 2013,2013,Nov,Dec,28,2,NA,NA
30 Nov–1 Dec 2013,Morgan ,51.5,48.5,38.5,41.5,NA,12.5,NA,NA,NA,2013-11-30,2013-12-01,30 Nov–1 Dec 2013,2013,Nov,Dec,30,1,NA,NA
22–24 Nov 2013,Newspoll,48,52,35,43,NA,12,NA,NA,NA,2013-11-22,2013-11-24,22–24 Nov 2013,2013,Nov,Nov,22,24,NA,NA
21–23 Nov 2013,Nielsen,52,48,37,41,NA,11,NA,NA,NA,2013-11-21,2013-11-23,21–23 Nov 2013,2013,Nov,Nov,21,23,NA,NA
8–10 Nov 2013,Newspoll,47,53,32,45,NA,11,NA,NA,NA,2013-11-08,2013-11-10,8–10 Nov 2013,2013,Nov,Nov,8,10,NA,NA
25–27 Oct 2013,Newspoll,44,56,31,47,NA,12,NA,NA,NA,2013-10-25,2013-10-27,25–27 Oct 2013,2013,Oct,Oct,25,27,NA,NA
19–20 Oct 2013,Morgan,48.5,51.5,34.5,43.5,NA,12,NA,NA,NA,2013-10-19,2013-10-20,19–20 Oct 2013,2013,Oct,Oct,19,20,NA,NA
21–22 Sep 2013,Morgan,49.5,50.5,34,43.5,NA,12,NA,NA,NA,2013-09-21,2013-09-22,21–22 Sep 2013,2013,Sep,Sep,21,22,NA,NA
19–22 Sep 2013,Essential,49,51,37,43,NA,11,NA,NA,NA,2013-09-19,2013-09-22,19–22 Sep 2013,2013,Sep,Sep,19,22,NA,NA
12–15 Sep 2013,Essential,47,53,36,44,NA,11,NA,NA,NA,2013-09-12,2013-09-15,12–15 Sep 2013,2013,Sep,Sep,12,15,NA,NA
4–6 Sep 2013,Morgan ,44.5,54.5,31.5,45,NA,14,NA,NA,NA,2013-09-04,2013-09-06,4–6 Sep 2013,2013,Sep,Sep,4,6,NA,NA
05-Sep-13,ReachTEL,47,53,33.7,43.5,NA,12.6,NA,NA,NA,2013-09-05,2013-09-13,05-Sep-13,2013,Sep,Sep,05,13,NA,NA
3–5 Sep 2013,Newspoll,46,54,33,46,NA,12,NA,NA,NA,2013-09-03,2013-09-05,3–5 Sep 2013,2013,Sep,Sep,3,5,NA,NA
4–6 Sep 2013,Morgan ,44.5,54.5,31.5,45,NA,14,NA,NA,NA,2013-09-04,2013-09-06,4–6 Sep 2013,2013,Sep,Sep,4,6,NA,NA
05-Sep-13,ReachTEL,47,53,33.7,43.5,NA,12.7,NA,NA,NA,2013-09-05,2013-09-13,05-Sep-13,2013,Sep,Sep,05,13,NA,NA
4–5 Sep 2013,Nielsen,46,54,33,46,NA,10,NA,NA,NA,2013-09-04,2013-09-05,4–5 Sep 2013,2013,Sep,Sep,4,5,NA,NA
3–5 Sep 2013,Newspoll,46,54,33,46,NA,12,NA,NA,NA,2013-09-03,2013-09-05,3–5 Sep 2013,2013,Sep,Sep,3,5,NA,NA
04-Sep-13,ReachTEL,47,53,32.7,43.6,NA,13.7,NA,NA,NA,2013-09-04,2013-09-13,04-Sep-13,2013,Sep,Sep,04,13,NA,NA
2–4 Sep 2013,Galaxy,47,53,35,45,NA,11,NA,NA,NA,2013-09-02,2013-09-04,2–4 Sep 2013,2013,Sep,Sep,2,4,NA,NA
1–4 Sep 2013,Essential,48,52,35,43,NA,12,NA,NA,NA,2013-09-01,2013-09-04,1–4 Sep 2013,2013,Sep,Sep,1,4,NA,NA
03-Sep-13,ReachTEL,48,52,35.3,44.2,NA,10.7,NA,NA,NA,2013-09-03,2013-09-13,03-Sep-13,2013,Sep,Sep,03,13,NA,NA
30 Aug–1 Sep 2013,Morgan ,48,52,34,43,NA,12,NA,NA,NA,2013-08-30,2013-09-01,30 Aug–1 Sep 2013,2013,Aug,Sep,30,1,NA,NA
30 Aug–1 Sep 2013,Newspoll,46,54,33,46,NA,11,NA,NA,NA,2013-08-30,2013-09-01,30 Aug–1 Sep 2013,2013,Aug,Sep,30,1,NA,NA
29 Aug–1 Sep 2013,Essential,48,52,35,44,NA,10,NA,NA,NA,2013-08-29,2013-09-01,29 Aug–1 Sep 2013,2013,Aug,Sep,29,1,NA,NA
28–29 Aug 2013,Galaxy,47,53,35,46,NA,9,NA,NA,NA,2013-08-28,2013-08-29,28–29 Aug 2013,2013,Aug,Aug,28,29,NA,NA
28–29 Aug 2013,Morgan ,46,54,30.5,44,NA,13.5,NA,NA,NA,2013-08-28,2013-08-29,28–29 Aug 2013,2013,Aug,Aug,28,29,NA,NA
26-Aug-13,ReachTEL,47,53,35.7,46.5,NA,7.7,NA,NA,NA,2013-08-26,2013-08-13,26-Aug-13,2013,Aug,Aug,26,13,NA,NA
21–25 Aug 2013,Essential,50,50,38,43,NA,9,NA,NA,NA,2013-08-21,2013-08-25,21–25 Aug 2013,2013,Aug,Aug,21,25,NA,NA
23–25 Aug 2013,Newspoll,47,53,37,47,NA,7,NA,NA,NA,2013-08-23,2013-08-25,23–25 Aug 2013,2013,Aug,Aug,23,25,NA,NA
23–25 Aug 2013,Morgan ,47.5,52.5,34.5,45,NA,9.5,NA,NA,NA,2013-08-23,2013-08-25,23–25 Aug 2013,2013,Aug,Aug,23,25,NA,NA
18–22 Aug 2013,Nielsen,47,53,35,47,NA,7,NA,NA,NA,2013-08-18,2013-08-22,18–22 Aug 2013,2013,Aug,Aug,18,22,NA,NA
16–18 Aug 2013,Newspoll,46,54,34,47,NA,10,NA,NA,NA,2013-08-16,2013-08-18,16–18 Aug 2013,2013,Aug,Aug,16,18,NA,NA
16–18 Aug 2013,Morgan ,48,52,36.5,44.5,NA,9.5,NA,NA,NA,2013-08-16,2013-08-18,16–18 Aug 2013,2013,Aug,Aug,16,18,NA,NA
16–18 Aug 2013,AMR,50,50,38,41,NA,11,NA,NA,NA,2013-08-16,2013-08-18,16–18 Aug 2013,2013,Aug,Aug,16,18,NA,NA
14–18 Aug 2013,Essential,50,50,40,44,NA,8,NA,NA,NA,2013-08-14,2013-08-18,14–18 Aug 2013,2013,Aug,Aug,14,18,NA,NA
14–15 Aug 2013,Galaxy,48,52,36,45,NA,9,NA,NA,NA,2013-08-14,2013-08-15,14–15 Aug 2013,2013,Aug,Aug,14,15,NA,NA
12–13 Aug 2013,Morgan ,43,57,31,52,NA,8,NA,NA,NA,2013-08-12,2013-08-13,12–13 Aug 2013,2013,Aug,Aug,12,13,NA,NA
9–12 Aug 2013,Essential,49,51,39,43,NA,10,NA,NA,NA,2013-08-09,2013-08-12,9–12 Aug 2013,2013,Aug,Aug,9,12,NA,NA
9–11 Aug 2013,Newspoll,48,52,35,46,NA,8,NA,NA,NA,2013-08-09,2013-08-11,9–11 Aug 2013,2013,Aug,Aug,9,11,NA,NA
9–11 Aug 2013,Morgan ,48.5,51.5,36.5,44,NA,9,NA,NA,NA,2013-08-09,2013-08-11,9–11 Aug 2013,2013,Aug,Aug,9,11,NA,NA
10-Aug-13,ReachTEL,47,53,36.9,46.9,NA,7.4,NA,NA,NA,2013-08-10,2013-08-13,10-Aug-13,2013,Aug,Aug,10,13,NA,NA
7–9 Aug 2013,Galaxy,49,51,38,45,NA,7,NA,NA,NA,2013-08-07,2013-08-09,7–9 Aug 2013,2013,Aug,Aug,7,9,NA,NA
6–8 Aug 2013,Nielsen,48,52,37,46,NA,8,NA,NA,NA,2013-08-06,2013-08-08,6–8 Aug 2013,2013,Aug,Aug,6,8,NA,NA
04-Aug-13,ReachTEL,48,52,37.5,45.7,NA,8.6,NA,NA,NA,2013-08-04,2013-08-13,04-Aug-13,2013,Aug,Aug,04,13,NA,NA
2–4 Aug 2013,Morgan ,49.5,50.5,38,43,NA,9.5,NA,NA,NA,2013-08-02,2013-08-04,2–4 Aug 2013,2013,Aug,Aug,2,4,NA,NA
2–4 Aug 2013,Newspoll,48,52,37,44,NA,10,NA,NA,NA,2013-08-02,2013-08-04,2–4 Aug 2013,2013,Aug,Aug,2,4,NA,NA
1–4 Aug 2013,Essential,49,51,38,43,NA,10,NA,NA,NA,2013-08-01,2013-08-04,1–4 Aug 2013,2013,Aug,Aug,1,4,NA,NA
26–28 Jul 2013,Morgan ,50.5,49.5,38.5,41.5,NA,9.5,NA,NA,NA,2013-07-26,2013-07-28,26–28 Jul 2013,2013,Jul,Jul,26,28,NA,NA
25–28 Jul 2013,Essential,49,51,39,44,NA,8,NA,NA,NA,2013-07-25,2013-07-28,25–28 Jul 2013,2013,Jul,Jul,25,28,NA,NA
23–25 Jul 2013,Galaxy,50,50,40,44,NA,7,NA,NA,NA,2013-07-23,2013-07-25,23–25 Jul 2013,2013,Jul,Jul,23,25,NA,NA
18–22 Jul 2013,Essential,49,51,39,45,NA,9,NA,NA,NA,2013-07-18,2013-07-22,18–22 Jul 2013,2013,Jul,Jul,18,22,NA,NA
19–21 Jul 2013,Morgan ,52,48,41.5,41,NA,8.5,NA,NA,NA,2013-07-19,2013-07-21,19–21 Jul 2013,2013,Jul,Jul,19,21,NA,NA
19–21 Jul 2013,Newspoll,48,52,37,45,NA,8,NA,NA,NA,2013-07-19,2013-07-21,19–21 Jul 2013,2013,Jul,Jul,19,21,NA,NA
18-Jul-13,ReachTEL,49,51,39.3,45.4,NA,7,NA,NA,NA,2013-07-18,2013-07-13,18-Jul-13,2013,Jul,Jul,18,13,NA,NA
12–14 Jul 2013,Morgan ,51.5,48.5,42,41,NA,10,NA,NA,NA,2013-07-12,2013-07-14,12–14 Jul 2013,2013,Jul,Jul,12,14,NA,NA
11–14 Jul 2013,Essential,48,52,39,46,NA,8,NA,NA,NA,2013-07-11,2013-07-14,11–14 Jul 2013,2013,Jul,Jul,11,14,NA,NA
11–13 Jul 2013,Nielsen,50,50,39,44,NA,8,NA,NA,NA,2013-07-11,2013-07-13,11–13 Jul 2013,2013,Jul,Jul,11,13,NA,NA
5–8 Jul 2013,AMR,51,49,42,43,NA,8,NA,NA,NA,2013-07-05,2013-07-08,5–8 Jul 2013,2013,Jul,Jul,5,8,NA,NA
5–7 Jul 2013,Newspoll,50,50,38,42,NA,11,NA,NA,NA,2013-07-05,2013-07-07,5–7 Jul 2013,2013,Jul,Jul,5,7,NA,NA
5–7 Jul 2013,Morgan ,52.5,47.5,41.5,39.5,NA,10.5,NA,NA,NA,2013-07-05,2013-07-07,5–7 Jul 2013,2013,Jul,Jul,5,7,NA,NA
4–7 Jul 2013,Essential,48,52,38,46,NA,7,NA,NA,NA,2013-07-04,2013-07-07,4–7 Jul 2013,2013,Jul,Jul,4,7,NA,NA
28–30 Jun 2013,Newspoll,49,51,35,43,NA,11,NA,NA,NA,2013-06-28,2013-06-30,28–30 Jun 2013,2013,Jun,Jun,28,30,NA,NA
28–30 Jun 2013,Morgan ,51,49,39.5,40.5,NA,11.5,NA,NA,NA,2013-06-28,2013-06-30,28–30 Jun 2013,2013,Jun,Jun,28,30,NA,NA
27–30 Jun 2013,Essential,47,53,36,46,NA,9,NA,NA,NA,2013-06-27,2013-06-30,27–30 Jun 2013,2013,Jun,Jun,27,30,NA,NA
27–28 Jun 2013,Galaxy,49,51,38,44,NA,8,NA,NA,NA,2013-06-27,2013-06-28,27–28 Jun 2013,2013,Jun,Jun,27,28,NA,NA
27-Jun-13,ReachTEL,48,52,38.3,45.1,NA,7.8,NA,NA,NA,2013-06-27,2013-06-13,27-Jun-13,2013,Jun,Jun,27,13,NA,NA
21–23 Jun 2013,Newspoll,43,57,29,48,NA,14,NA,NA,NA,2013-06-21,2013-06-23,21–23 Jun 2013,2013,Jun,Jun,21,23,NA,NA
21–23 Jun 2013,Morgan ,43.5,56.5,30.5,47,NA,13.5,NA,NA,NA,2013-06-21,2013-06-23,21–23 Jun 2013,2013,Jun,Jun,21,23,NA,NA
20–23 Jun 2013,Essential,45,55,34,47,NA,11,NA,NA,NA,2013-06-20,2013-06-23,20–23 Jun 2013,2013,Jun,Jun,20,23,NA,NA
14–16 Jun 2013,Morgan ,45.5,54.5,33,44.5,NA,13.5,NA,NA,NA,2013-06-14,2013-06-16,14–16 Jun 2013,2013,Jun,Jun,14,16,NA,NA
13–16 Jun 2013,Essential,46,54,35,47,NA,9,NA,NA,NA,2013-06-13,2013-06-16,13–16 Jun 2013,2013,Jun,Jun,13,16,NA,NA
13–15 Jun 2013,Nielsen,43,57,29,47,NA,12,NA,NA,NA,2013-06-13,2013-06-15,13–15 Jun 2013,2013,Jun,Jun,13,15,NA,NA
11–13 Jun 2013,Galaxy,45,55,32,47,NA,10,NA,NA,NA,2013-06-11,2013-06-13,11–13 Jun 2013,2013,Jun,Jun,11,13,NA,NA
7–10 Jun 2013,Morgan ,44,56,31,46,NA,13.5,NA,NA,NA,2013-06-07,2013-06-10,7–10 Jun 2013,2013,Jun,Jun,7,10,NA,NA
6–10 Jun 2013,Essential,46,54,36,47,NA,9,NA,NA,NA,2013-06-06,2013-06-10,6–10 Jun 2013,2013,Jun,Jun,6,10,NA,NA
31 May–2 Jun 2013,Newspoll,42,58,30,49,NA,12,NA,NA,NA,2013-05-31,2013-06-02,31 May–2 Jun 2013,2013,May,Jun,31,2,NA,NA
31 May–2 Jun 2013,Morgan ,44.5,55.5,31.5,45.5,NA,13.5,NA,NA,NA,2013-05-31,2013-06-02,31 May–2 Jun 2013,2013,May,Jun,31,2,NA,NA
30 May–2 Jun 2013,Essential,45,55,35,48,NA,9,NA,NA,NA,2013-05-30,2013-06-02,30 May–2 Jun 2013,2013,May,Jun,30,2,NA,NA
24–26 May 2013,Morgan ,45.5,54.5,33.5,45.5,NA,11.5,NA,NA,NA,2013-05-24,2013-05-26,24–26 May 2013,2013,May,May,24,26,NA,NA
23–26 May 2013,Essential,45,55,34,48,NA,10,NA,NA,NA,2013-05-23,2013-05-26,23–26 May 2013,2013,May,May,23,26,NA,NA
17–19 May 2013,Newspoll,44,56,31,46,NA,14,NA,NA,NA,2013-05-17,2013-05-19,17–19 May 2013,2013,May,May,17,19,NA,NA
17–19 May 2013,Morgan ,45,55,32,45.5,NA,12.5,NA,NA,NA,2013-05-17,2013-05-19,17–19 May 2013,2013,May,May,17,19,NA,NA
16–19 May 2013,Essential,45,55,35,48,NA,9,NA,NA,NA,2013-05-16,2013-05-19,16–19 May 2013,2013,May,May,16,19,NA,NA
16–18 May 2013,Nielsen,46,54,32,44,NA,13,NA,NA,NA,2013-05-16,2013-05-18,16–18 May 2013,2013,May,May,16,18,NA,NA
15–16 May 2013,Galaxy,46,54,34,46,NA,10,NA,NA,NA,2013-05-15,2013-05-16,15–16 May 2013,2013,May,May,15,16,NA,NA
10–12 May 2013,Morgan ,44,56,32,46.5,NA,12,NA,NA,NA,2013-05-10,2013-05-12,10–12 May 2013,2013,May,May,10,12,NA,NA
9–12 May 2013,Essential,45,55,34,48,NA,10,NA,NA,NA,2013-05-09,2013-05-12,9–12 May 2013,2013,May,May,9,12,NA,NA
3–5 May 2013,Newspoll,44,56,31,47,NA,12,NA,NA,NA,2013-05-03,2013-05-05,3–5 May 2013,2013,May,May,3,5,NA,NA
3–5 May 2013,Morgan ,44,56,32,46,NA,13.5,NA,NA,NA,2013-05-03,2013-05-05,3–5 May 2013,2013,May,May,3,5,NA,NA
2–5 May 2013,Essential,44,56,33,48,NA,10,NA,NA,NA,2013-05-02,2013-05-05,2–5 May 2013,2013,May,May,2,5,NA,NA
02-May-13,ReachTEL,42,58,29.3,48.5,NA,11.9,NA,NA,NA,2013-05-02,2013-05-13,02-May-13,2013,May,May,02,13,NA,NA
26–28 Apr 2013,Morgan ,43.5,56.5,30.5,48,NA,10.5,NA,NA,NA,2013-04-26,2013-04-28,26–28 Apr 2013,2013,Apr,Apr,26,28,NA,NA
25–28 Apr 2013,Essential,45,55,34,48,NA,9,NA,NA,NA,2013-04-25,2013-04-28,25–28 Apr 2013,2013,Apr,Apr,25,28,NA,NA
18–22 Apr 2013,Morgan ,46,54,32.5,44,NA,13,NA,NA,NA,2013-04-18,2013-04-22,18–22 Apr 2013,2013,Apr,Apr,18,22,NA,NA
18–22 Apr 2013,Essential,45,55,34,48,NA,9,NA,NA,NA,2013-04-18,2013-04-22,18–22 Apr 2013,2013,Apr,Apr,18,22,NA,NA
19–21 Apr 2013,Newspoll,45,55,32,46,NA,12,NA,NA,NA,2013-04-19,2013-04-21,19–21 Apr 2013,2013,Apr,Apr,19,21,NA,NA
11–14 Apr 2013,Morgan ,44,56,32,47.5,NA,10,NA,NA,NA,2013-04-11,2013-04-14,11–14 Apr 2013,2013,Apr,Apr,11,14,NA,NA
11–14 Apr 2013,Essential,45,55,34,48,NA,9,NA,NA,NA,2013-04-11,2013-04-14,11–14 Apr 2013,2013,Apr,Apr,11,14,NA,NA
11–13 Apr 2013,Nielsen,43,57,29,49,NA,11,NA,NA,NA,2013-04-11,2013-04-13,11–13 Apr 2013,2013,Apr,Apr,11,13,NA,NA
9–11 Apr 2013,Galaxy,46,54,33,47,NA,8,NA,NA,NA,2013-04-09,2013-04-11,9–11 Apr 2013,2013,Apr,Apr,9,11,NA,NA
02-May-13,ReachTEL,43,57,31.3,49.8,NA,8.8,NA,NA,NA,2013-05-02,2013-05-13,02-May-13,2013,May,May,02,13,NA,NA
5–7 Apr 2013,Newspoll,45,55,32,48,NA,9,NA,NA,NA,2013-04-05,2013-04-07,5–7 Apr 2013,2013,Apr,Apr,5,7,NA,NA
4–7 Apr 2013,Morgan ,44,56,31,46.5,NA,12.5,NA,NA,NA,2013-04-04,2013-04-07,4–7 Apr 2013,2013,Apr,Apr,4,7,NA,NA
4–7 Apr 2013,Essential,44,56,32,49,NA,9,NA,NA,NA,2013-04-04,2013-04-07,4–7 Apr 2013,2013,Apr,Apr,4,7,NA,NA
29 Mar–1 Apr 2013,Morgan ,42.5,57.5,30,49,NA,10,NA,NA,NA,2013-03-29,2013-04-01,29 Mar–1 Apr 2013,2013,Mar,Apr,29,1,NA,NA
28 Mar–1 Apr 2013,Essential,44,56,31,49,NA,9,NA,NA,NA,2013-03-28,2013-04-01,28 Mar–1 Apr 2013,2013,Mar,Apr,28,1,NA,NA
22–24 Mar 2013,Newspoll,42,58,30,50,NA,10,NA,NA,NA,2013-03-22,2013-03-24,22–24 Mar 2013,2013,Mar,Mar,22,24,NA,NA
21–24 Mar 2013,Essential,46,54,33,47,NA,9,NA,NA,NA,2013-03-21,2013-03-24,21–24 Mar 2013,2013,Mar,Mar,21,24,NA,NA
22–23 Mar 2013,Galaxy,45,55,32,47,NA,9,NA,NA,NA,2013-03-22,2013-03-23,22–23 Mar 2013,2013,Mar,Mar,22,23,NA,NA
21–24 Mar 2013,Morgan ,44,56,30.5,46.5,NA,12.5,NA,NA,NA,2013-03-21,2013-03-24,21–24 Mar 2013,2013,Mar,Mar,21,24,NA,NA
22–25 Mar 2013,AMR,44,56,33,49,NA,9,NA,NA,NA,2013-03-22,2013-03-25,22–25 Mar 2013,2013,Mar,Mar,22,25,NA,NA
14–17 Mar 2013,Essential,46,54,35,47,NA,8,NA,NA,NA,2013-03-14,2013-03-17,14–17 Mar 2013,2013,Mar,Mar,14,17,NA,NA
14–17 Mar 2013,Morgan ,46,54,33,46,NA,10.5,NA,NA,NA,2013-03-14,2013-03-17,14–17 Mar 2013,2013,Mar,Mar,14,17,NA,NA
14–16 Mar 2013,Nielsen,44,56,31,47,NA,12,NA,NA,NA,2013-03-14,2013-03-16,14–16 Mar 2013,2013,Mar,Mar,14,16,NA,NA
7–10 Mar 2013,Essential,45,55,34,48,NA,9,NA,NA,NA,2013-03-07,2013-03-10,7–10 Mar 2013,2013,Mar,Mar,7,10,NA,NA
7–10 Mar 2013,Morgan ,44.5,55.5,31.5,47,NA,10.5,NA,NA,NA,2013-03-07,2013-03-10,7–10 Mar 2013,2013,Mar,Mar,7,10,NA,NA
8–10 Mar 2013,Newspoll,48,52,34,44,NA,11,NA,NA,NA,2013-03-08,2013-03-10,8–10 Mar 2013,2013,Mar,Mar,8,10,NA,NA
5–7 Mar 2013,Galaxy,45,55,32,48,NA,9,NA,NA,NA,2013-03-05,2013-03-07,5–7 Mar 2013,2013,Mar,Mar,5,7,NA,NA
28 Feb–3 Mar 2013,Essential,44,56,32,49,NA,8,NA,NA,NA,2013-02-28,2013-03-03,28 Feb–3 Mar 2013,2013,Feb,Mar,28,3,NA,NA
28 Feb–3 Mar 2013,Morgan ,46,54,33,45,NA,11.5,NA,NA,NA,2013-02-28,2013-03-03,28 Feb–3 Mar 2013,2013,Feb,Mar,28,3,NA,NA
21–24 Feb 2013,Essential,44,56,32,49,NA,8,NA,NA,NA,2013-02-21,2013-02-24,21–24 Feb 2013,2013,Feb,Feb,21,24,NA,NA
16–17/23–24 Feb 2013,Morgan ,46.5,53.5,33.5,44,NA,12.5,NA,NA,NA,2013-02-16,2013-02-24,16–17/23–24 Feb 2013,2013,Feb,Feb,16,24,23,24
22–24 Feb 2013,Newspoll,45,55,31,47,NA,11,NA,NA,NA,2013-02-22,2013-02-24,22–24 Feb 2013,2013,Feb,Feb,22,24,NA,NA
14–17 Feb 2013,Essential,46,54,35,47,NA,8,NA,NA,NA,2013-02-14,2013-02-17,14–17 Feb 2013,2013,Feb,Feb,14,17,NA,NA
14–16 Feb 2013,Nielsen,44,56,30,47,NA,12,NA,NA,NA,2013-02-14,2013-02-16,14–16 Feb 2013,2013,Feb,Feb,14,16,NA,NA
7–10 Feb 2013,Essential,45,55,34,48,NA,9,NA,NA,NA,2013-02-07,2013-02-10,7–10 Feb 2013,2013,Feb,Feb,7,10,NA,NA
9–10 Feb 2013,Morgan ,45.5,54.5,33.5,45,NA,12.5,NA,NA,NA,2013-02-09,2013-02-10,9–10 Feb 2013,2013,Feb,Feb,9,10,NA,NA
1–4 Feb 2013,Essential,46,54,34,48,NA,8,NA,NA,NA,2013-02-01,2013-02-04,1–4 Feb 2013,2013,Feb,Feb,1,4,NA,NA
2–3 Feb 2013,Morgan ,48.5,51.5,38.5,42.5,NA,10.5,NA,NA,NA,2013-02-02,2013-02-03,2–3 Feb 2013,2013,Feb,Feb,2,3,NA,NA
1–3 Feb 2013,Newspoll,44,56,32,48,NA,11,NA,NA,NA,2013-02-01,2013-02-03,1–3 Feb 2013,2013,Feb,Feb,1,3,NA,NA
1–3 Feb 2013,Galaxy,46,54,35,48,NA,7,NA,NA,NA,2013-02-01,2013-02-03,1–3 Feb 2013,2013,Feb,Feb,1,3,NA,NA
23–28 Jan 2013,Essential,46,54,35,48,NA,7,NA,NA,NA,2013-01-23,2013-01-28,23–28 Jan 2013,2013,Jan,Jan,23,28,NA,NA
19–20/26–27 Jan 2013,Morgan ,49.5,50.5,36,39,NA,13,NA,NA,NA,2013-01-20,2013-01-26,19–20/26–27 Jan 2013,2013,Jan,Jan,20,26,26,27
16–20 Jan 2013,Essential,46,54,36,48,NA,8,NA,NA,NA,2013-01-16,2013-01-20,16–20 Jan 2013,2013,Jan,Jan,16,20,NA,NA
9–13 Jan 2013,Essential,46,54,36,48,NA,8,NA,NA,NA,2013-01-09,2013-01-13,9–13 Jan 2013,2013,Jan,Jan,9,13,NA,NA
11–13 Jan 2013,Newspoll,49,51,38,44,NA,9,NA,NA,NA,2013-01-11,2013-01-13,11–13 Jan 2013,2013,Jan,Jan,11,13,NA,NA
5–6/12–13 Jan 2013,Morgan ,49,51,36.5,41.5,NA,11.5,NA,NA,NA,2013-01-06,2013-01-12,5–6/12–13 Jan 2013,2013,Jan,Jan,6,12,12,13
12–16 Dec 2012,Essential,45,55,36,48,NA,8,NA,NA,NA,2012-12-12,2012-12-16,12–16 Dec 2012,2012,Dec,Dec,12,16,NA,NA
8–9/15–16 Dec 2012,Morgan ,53.5,46.5,40,37.5,NA,10.5,NA,NA,NA,2012-12-08,2012-12-16,8–9/15–16 Dec 2012,2012,Dec,Dec,8,16,15,16
13–15 Dec 2012,Nielsen,48,52,35,43,NA,12,NA,NA,NA,2012-12-13,2012-12-15,13–15 Dec 2012,2012,Dec,Dec,13,15,NA,NA
5–9 Dec 2012,Essential,46,54,36,48,NA,8,NA,NA,NA,2012-12-05,2012-12-09,5–9 Dec 2012,2012,Dec,Dec,5,9,NA,NA
7–9 Dec 2012,Newspoll,46,54,32,46,NA,11,NA,NA,NA,2012-12-07,2012-12-09,7–9 Dec 2012,2012,Dec,Dec,7,9,NA,NA
28 Nov–2 Dec 2012,Essential,47,53,37,47,NA,7,NA,NA,NA,2012-11-28,2012-12-02,28 Nov–2 Dec 2012,2012,Nov,Dec,28,2,NA,NA
24–25 Nov/1–2 Dec 2012,Morgan ,49.5,50.5,36,40.5,NA,13,NA,NA,NA,2012-11-24,2012-12-02,24–25 Nov/1–2 Dec 2012,2012,Nov,Dec,24,2,1,2
29–30 Nov 2012,Galaxy,46,54,34,48,NA,7,NA,NA,NA,2012-11-29,2012-11-30,29–30 Nov 2012,2012,Nov,Nov,29,30,NA,NA
27–29 Nov 2012,Morgan ,47.5,52.5,36.5,44.5,NA,10.5,NA,NA,NA,2012-11-27,2012-11-29,27–29 Nov 2012,2012,Nov,Nov,27,29,NA,NA
23–25 Nov 2012,Newspoll,49,51,36,43,NA,10,NA,NA,NA,2012-11-23,2012-11-25,23–25 Nov 2012,2012,Nov,Nov,23,25,NA,NA
21–25 Nov 2012,Essential,47,53,36,47,NA,8,NA,NA,NA,2012-11-21,2012-11-25,21–25 Nov 2012,2012,Nov,Nov,21,25,NA,NA
14–18 Nov 2012,Essential,47,53,36,46,NA,9,NA,NA,NA,2012-11-14,2012-11-18,14–18 Nov 2012,2012,Nov,Nov,14,18,NA,NA
10–11/17–18 Nov 2012,Morgan ,49,51,36.5,38.5,NA,13.5,NA,NA,NA,2012-11-10,2012-11-18,10–11/17–18 Nov 2012,2012,Nov,Nov,10,18,17,18
15–17 Nov 2012,Nielsen,47,53,34,45,NA,10,NA,NA,NA,2012-11-15,2012-11-17,15–17 Nov 2012,2012,Nov,Nov,15,17,NA,NA
9–11 Nov 2012,Newspoll,49,51,36,43,NA,11,NA,NA,NA,2012-11-09,2012-11-11,9–11 Nov 2012,2012,Nov,Nov,9,11,NA,NA
7–11 Nov 2012,Essential,48,52,37,45,NA,8,NA,NA,NA,2012-11-07,2012-11-11,7–11 Nov 2012,2012,Nov,Nov,7,11,NA,NA
2–6 Nov 2012,Essential,47,53,37,46,NA,8,NA,NA,NA,2012-11-02,2012-11-06,2–6 Nov 2012,2012,Nov,Nov,2,6,NA,NA
2–4 Nov 2012,Galaxy,47,53,35,47,NA,7,NA,NA,NA,2012-11-02,2012-11-04,2–4 Nov 2012,2012,Nov,Nov,2,4,NA,NA
27–28 Oct/3–4 Nov 2012,Morgan ,48,52,35.5,43,NA,11.5,NA,NA,NA,2012-10-28,2012-11-04,27–28 Oct/3–4 Nov 2012,2012,Oct,Nov,28,4,3,4
26–28 Oct 2012,Newspoll,50,50,36,41,NA,13,NA,NA,NA,2012-10-26,2012-10-28,26–28 Oct 2012,2012,Oct,Oct,26,28,NA,NA
25–28 Oct 2012,Essential,46,54,36,48,NA,7,NA,NA,NA,2012-10-25,2012-10-28,25–28 Oct 2012,2012,Oct,Oct,25,28,NA,NA
13–14/20–21 Oct 2012,Morgan ,42.5,57.5,37.5,38.5,NA,11.5,NA,NA,NA,2012-10-14,2012-10-20,13–14/20–21 Oct 2012,2012,Oct,Oct,14,20,20,21
17–21 Oct 2012,Essential,47,53,36,47,NA,7,NA,NA,NA,2012-10-17,2012-10-21,17–21 Oct 2012,2012,Oct,Oct,17,21,NA,NA
18–20 Oct 2012,Nielsen,48,52,34,43,NA,12,NA,NA,NA,2012-10-18,2012-10-20,18–20 Oct 2012,2012,Oct,Oct,18,20,NA,NA
10–14 Oct 2012,Essential,47,53,36,47,NA,8,NA,NA,NA,2012-10-10,2012-10-14,10–14 Oct 2012,2012,Oct,Oct,10,14,NA,NA
5–7 Oct 2012,Newspoll,46,54,33,45,NA,12,NA,NA,NA,2012-10-05,2012-10-07,5–7 Oct 2012,2012,Oct,Oct,5,7,NA,NA
3–7 Oct 2012,Essential,47,53,37,47,NA,7,NA,NA,NA,2012-10-03,2012-10-07,3–7 Oct 2012,2012,Oct,Oct,3,7,NA,NA
29–30 Sep/6–7 Oct 2012,Morgan ,49,51,37,43,NA,9.5,NA,NA,NA,2012-09-30,2012-10-06,29–30 Sep/6–7 Oct 2012,2012,Sep,Oct,30,6,6,7
26–30 Sep 2012,Essential,47,53,36,47,NA,7,NA,NA,NA,2012-09-26,2012-09-30,26–30 Sep 2012,2012,Sep,Sep,26,30,NA,NA
22–23 Sep 2012,Morgan ,50,50,37.5,41.5,NA,11,NA,NA,NA,2012-09-22,2012-09-23,22–23 Sep 2012,2012,Sep,Sep,22,23,NA,NA
19–23 Sep 2012,Essential,45,55,35,48,NA,9,NA,NA,NA,2012-09-19,2012-09-23,19–23 Sep 2012,2012,Sep,Sep,19,23,NA,NA
17–20 Sep 2012,Morgan ,47.5,52.5,39.5,47,NA,5.5,NA,NA,NA,2012-09-17,2012-09-20,17–20 Sep 2012,2012,Sep,Sep,17,20,NA,NA
14–16 Sep 2012,Newspoll,50,50,36,41,NA,11,NA,NA,NA,2012-09-14,2012-09-16,14–16 Sep 2012,2012,Sep,Sep,14,16,NA,NA
12–16 Sep 2012,Essential,45,55,34,48,NA,9,NA,NA,NA,2012-09-12,2012-09-16,12–16 Sep 2012,2012,Sep,Sep,12,16,NA,NA
8–9/15–16 Sep 2012,Morgan ,49.5,50.5,35,40.5,NA,12.5,NA,NA,NA,2012-09-08,2012-09-16,8–9/15–16 Sep 2012,2012,Sep,Sep,8,16,15,16
13–15 Sep 2012,Nielsen,47,53,34,45,NA,11,NA,NA,NA,2012-09-13,2012-09-15,13–15 Sep 2012,2012,Sep,Sep,13,15,NA,NA
29 Aug–2 Sep 2012,Essential,45,55,34,48,NA,9,NA,NA,NA,2012-08-29,2012-09-02,29 Aug–2 Sep 2012,2012,Aug,Sep,29,2,NA,NA
31 Aug–2 Sep 2012,Newspoll,45,55,33,46,NA,13,NA,NA,NA,2012-08-31,2012-09-02,31 Aug–2 Sep 2012,2012,Aug,Sep,31,2,NA,NA
1–2 Sep 2012,Morgan ,48.5,51.5,34.5,41.5,NA,12.5,NA,NA,NA,2012-09-01,2012-09-02,1–2 Sep 2012,2012,Sep,Sep,1,2,NA,NA
22–26 Aug 2012,Essential,44,56,32,49,NA,9,NA,NA,NA,2012-08-22,2012-08-26,22–26 Aug 2012,2012,Aug,Aug,22,26,NA,NA
23–25 Aug 2012,Nielsen,46,54,32,45,NA,13,NA,NA,NA,2012-08-23,2012-08-25,23–25 Aug 2012,2012,Aug,Aug,23,25,NA,NA
15–19 Aug 2012,Essential,43,57,32,49,NA,9,NA,NA,NA,2012-08-15,2012-08-19,15–19 Aug 2012,2012,Aug,Aug,15,19,NA,NA
17–19 Aug 2012,Newspoll,47,53,35,45,NA,9,NA,NA,NA,2012-08-17,2012-08-19,17–19 Aug 2012,2012,Aug,Aug,17,19,NA,NA
11–12/18–19 Aug 2012,Morgan ,47,53,34.5,44,NA,11.5,NA,NA,NA,2012-08-12,2012-08-18,11–12/18–19 Aug 2012,2012,Aug,Aug,12,18,18,19
8–12 Aug 2012,Essential,44,56,32,49,NA,8,NA,NA,NA,2012-08-08,2012-08-12,8–12 Aug 2012,2012,Aug,Aug,8,12,NA,NA
3–5 Aug 2012,Newspoll,46,54,33,45,NA,12,NA,NA,NA,2012-08-03,2012-08-05,3–5 Aug 2012,2012,Aug,Aug,3,5,NA,NA
1–5 Aug 2012,Essential,44,56,33,49,NA,8,NA,NA,NA,2012-08-01,2012-08-05,1–5 Aug 2012,2012,Aug,Aug,1,5,NA,NA
28–29 Jul/4–5 Aug 2012,Morgan ,46.5,53.5,32,43.5,NA,13,NA,NA,NA,2012-07-28,2012-08-04,28–29 Jul/4–5 Aug 2012,2012,Jul,Aug,28,4,4,5
25–29 Jul 2012,Essential,45,55,33,49,NA,8,NA,NA,NA,2012-07-25,2012-07-29,25–29 Jul 2012,2012,Jul,Jul,25,29,NA,NA
26–28 Jul 2012,Nielsen,44,56,30,47,NA,11,NA,NA,NA,2012-07-26,2012-07-28,26–28 Jul 2012,2012,Jul,Jul,26,28,NA,NA
20–22 Jul 2012,Newspoll,44,56,28,46,NA,15,NA,NA,NA,2012-07-20,2012-07-22,20–22 Jul 2012,2012,Jul,Jul,20,22,NA,NA
18–22 Jul 2012,Essential,44,56,33,49,NA,9,NA,NA,NA,2012-07-18,2012-07-22,18–22 Jul 2012,2012,Jul,Jul,18,22,NA,NA
14–15/21–22 Jul 2012,Morgan ,46,54,31.5,43,NA,13.5,NA,NA,NA,2012-07-14,2012-07-22,14–15/21–22 Jul 2012,2012,Jul,Jul,14,22,21,22
11–15 Jul 2012,Essential,43,57,31,49,NA,9,NA,NA,NA,2012-07-11,2012-07-15,11–15 Jul 2012,2012,Jul,Jul,11,15,NA,NA
6–8 Jul 2012,Newspoll,44,56,31,48,NA,10,NA,NA,NA,2012-07-06,2012-07-08,6–8 Jul 2012,2012,Jul,Jul,6,8,NA,NA
4–8 Jul 2012,Essential,44,56,31,49,NA,9,NA,NA,NA,2012-07-04,2012-07-08,4–8 Jul 2012,2012,Jul,Jul,4,8,NA,NA
30 Jun–1/7–8 Jul 2012,Morgan ,46,54,29.5,43,NA,13,NA,NA,NA,2012-06-16,2012-07-08,30 Jun–1/7–8 Jul 2012,2012,Jun,Jul,16,8,7,8
27 Jun–1 Jul 2012,Essential,44,56,32,49,NA,9,NA,NA,NA,2012-06-27,2012-07-01,27 Jun–1 Jul 2012,2012,Jun,Jul,27,1,NA,NA
22–24 Jun 2012,Newspoll,45,55,30,46,NA,12,NA,NA,NA,2012-06-22,2012-06-24,22–24 Jun 2012,2012,Jun,Jun,22,24,NA,NA
20–24 Jun 2012,Essential,44,56,33,49,NA,8,NA,NA,NA,2012-06-20,2012-06-24,20–24 Jun 2012,2012,Jun,Jun,20,24,NA,NA
16–17/23–24 Jun 2012,Morgan ,46,54,29.5,43,NA,13,NA,NA,NA,2012-06-16,2012-06-24,16–17/23–24 Jun 2012,2012,Jun,Jun,16,24,23,24
13–17 Jun 2012,Essential,44,56,33,49,NA,8,NA,NA,NA,2012-06-13,2012-06-17,13–17 Jun 2012,2012,Jun,Jun,13,17,NA,NA
15–17 Jun 2012,Galaxy,44,56,31,49,NA,8,NA,NA,NA,2012-06-15,2012-06-17,15–17 Jun 2012,2012,Jun,Jun,15,17,NA,NA
6–11 Jun 2012,Essential,44,56,32,49,NA,9,NA,NA,NA,2012-06-06,2012-06-11,6–11 Jun 2012,2012,Jun,Jun,6,11,NA,NA
9–10 Jun 2012,Morgan ,48,52,33,42.5,NA,12,NA,NA,NA,2012-06-09,2012-06-10,9–10 Jun 2012,2012,Jun,Jun,9,10,NA,NA
7–10 Jun 2012,Newspoll,46,54,31,44,NA,11,NA,NA,NA,2012-06-07,2012-06-10,7–10 Jun 2012,2012,Jun,Jun,7,10,NA,NA
2–3 Jun 2012,Morgan ,44.5,55.5,32.5,45,NA,12,NA,NA,NA,2012-06-02,2012-06-03,2–3 Jun 2012,2012,Jun,Jun,2,3,NA,NA
31 May–2 Jun 2012,Nielsen,43,57,26,48,NA,12,NA,NA,NA,2012-05-31,2012-06-02,31 May–2 Jun 2012,2012,May,Jun,31,2,NA,NA
30 May–3 Jun 2012,Essential,44,56,33,50,NA,7,NA,NA,NA,2012-05-30,2012-06-03,30 May–3 Jun 2012,2012,May,Jun,30,3,NA,NA
26–27 May 2012,Morgan ,42,58,27.5,49,NA,10.5,NA,NA,NA,2012-05-26,2012-05-27,26–27 May 2012,2012,May,May,26,27,NA,NA
23–27 May 2012,Essential,43,57,33,50,NA,7,NA,NA,NA,2012-05-23,2012-05-27,23–27 May 2012,2012,May,May,23,27,NA,NA
25–27 May 2012,Newspoll,46,54,32,46,NA,10,NA,NA,NA,2012-05-25,2012-05-27,25–27 May 2012,2012,May,May,25,27,NA,NA
16–20 May 2012,Essential,44,56,33,49,NA,8,NA,NA,NA,2012-05-16,2012-05-20,16–20 May 2012,2012,May,May,16,20,NA,NA
19–20 May 2012,Morgan ,45,55,32,45.5,NA,12,NA,NA,NA,2012-05-19,2012-05-20,19–20 May 2012,2012,May,May,19,20,NA,NA
12–13 May 2012,Morgan ,44.5,55.5,30.5,46,NA,11.5,NA,NA,NA,2012-05-12,2012-05-13,12–13 May 2012,2012,May,May,12,13,NA,NA
11–13 May 2012,Newspoll,45,55,30,45,NA,13,NA,NA,NA,2012-05-11,2012-05-13,11–13 May 2012,2012,May,May,11,13,NA,NA
9–13 May 2012,Essential,43,57,30,50,NA,9,NA,NA,NA,2012-05-09,2012-05-13,9–13 May 2012,2012,May,May,9,13,NA,NA
9–10 May 2012,Nielsen,42,58,28,49,NA,12,NA,NA,NA,2012-05-09,2012-05-10,9–10 May 2012,2012,May,May,9,10,NA,NA
9–10 May 2012,Morgan ,42,58,29,50.5,NA,10.5,NA,NA,NA,2012-05-09,2012-05-10,9–10 May 2012,2012,May,May,9,10,NA,NA
5–6 May 2012,Morgan ,44.5,55.5,29.5,45.5,NA,13,NA,NA,NA,2012-05-05,2012-05-06,5–6 May 2012,2012,May,May,5,6,NA,NA
2–6 May 2012,Essential,42,58,29,50,NA,9,NA,NA,NA,2012-05-02,2012-05-06,2–6 May 2012,2012,May,May,2,6,NA,NA
27–29 Apr 2012,Newspoll,41,59,27,51,NA,11,NA,NA,NA,2012-04-27,2012-04-29,27–29 Apr 2012,2012,Apr,Apr,27,29,NA,NA
27–29 Apr 2012,Galaxy,44,56,30,49,NA,8,NA,NA,NA,2012-04-27,2012-04-29,27–29 Apr 2012,2012,Apr,Apr,27,29,NA,NA
25–29 Apr 2012,Essential,43,57,31,50,NA,9,NA,NA,NA,2012-04-25,2012-04-29,25–29 Apr 2012,2012,Apr,Apr,25,29,NA,NA
21–22 Apr 2012,Morgan ,44,56,30,47.5,NA,10.5,NA,NA,NA,2012-04-21,2012-04-22,21–22 Apr 2012,2012,Apr,Apr,21,22,NA,NA
18–22 Apr 2012,Essential,44,56,31,49,NA,9,NA,NA,NA,2012-04-18,2012-04-22,18–22 Apr 2012,2012,Apr,Apr,18,22,NA,NA
17–19 Apr 2012,Morgan ,44,56,30,47.5,NA,11.5,NA,NA,NA,2012-04-17,2012-04-19,17–19 Apr 2012,2012,Apr,Apr,17,19,NA,NA
13–15 Apr 2012,Newspoll,44,56,29,48,NA,11,NA,NA,NA,2012-04-13,2012-04-15,13–15 Apr 2012,2012,Apr,Apr,13,15,NA,NA
11–15 Apr 2012,Essential,44,56,31,48,NA,9,NA,NA,NA,2012-04-11,2012-04-15,11–15 Apr 2012,2012,Apr,Apr,11,15,NA,NA
7–8/14–15 Apr 2012,Morgan ,45,55,31,46.5,NA,10,NA,NA,NA,2012-04-08,2012-04-14,7–8/14–15 Apr 2012,2012,Apr,Apr,8,14,14,15
4–9 Apr 2012,Essential,43,57,31,50,NA,9,NA,NA,NA,2012-04-04,2012-04-09,4–9 Apr 2012,2012,Apr,Apr,4,9,NA,NA
31 Mar–1 Apr 2012,Morgan ,46.5,53.5,32,45.5,NA,10.5,NA,NA,NA,2012-03-31,2012-04-01,31 Mar–1 Apr 2012,2012,Mar,Apr,31,1,NA,NA
28 Mar–1 Apr 2012,Essential,45,55,33,48,NA,8,NA,NA,NA,2012-03-28,2012-04-01,28 Mar–1 Apr 2012,2012,Mar,Apr,28,1,NA,NA
29–31 Mar 2012,Nielsen,43,57,27,47,NA,12,NA,NA,NA,2012-03-29,2012-03-31,29–31 Mar 2012,2012,Mar,Mar,29,31,NA,NA
21–25 Mar 2012,Essential,46,54,34,47,NA,9,NA,NA,NA,2012-03-21,2012-03-25,21–25 Mar 2012,2012,Mar,Mar,21,25,NA,NA
24–25 Mar 2012,Morgan ,48.5,51.5,36.5,45,NA,6,NA,NA,NA,2012-03-24,2012-03-25,24–25 Mar 2012,2012,Mar,Mar,24,25,NA,NA
23–25 Mar 2012,Newspoll,43,57,28,47,NA,14,NA,NA,NA,2012-03-23,2012-03-25,23–25 Mar 2012,2012,Mar,Mar,23,25,NA,NA
14–18 Mar 2012,Essential,46,54,32,48,NA,9,NA,NA,NA,2012-03-14,2012-03-18,14–18 Mar 2012,2012,Mar,Mar,14,18,NA,NA
10–11/17–18 Mar 2012,Morgan ,48,52,37,45.5,NA,7,NA,NA,NA,2012-03-10,2012-03-18,10–11/17–18 Mar 2012,2012,Mar,Mar,10,18,17,18
9–11 Mar 2012,Newspoll,47,53,31,43,NA,14,NA,NA,NA,2012-03-09,2012-03-11,9–11 Mar 2012,2012,Mar,Mar,9,11,NA,NA
7–11 Mar 2012,Essential,43,57,31,49,NA,9,NA,NA,NA,2012-03-07,2012-03-11,7–11 Mar 2012,2012,Mar,Mar,7,11,NA,NA
3–4 Mar 2012,Morgan ,50,50,39,43.5,NA,7.5,NA,NA,NA,2012-03-03,2012-03-04,3–4 Mar 2012,2012,Mar,Mar,3,4,NA,NA
29 Feb–4 Mar 2012,Essential,44,56,32,49,NA,9,NA,NA,NA,2012-02-29,2012-03-04,29 Feb–4 Mar 2012,2012,Feb,Mar,29,4,NA,NA
25–26 Feb 2012,Morgan ,50,50,37.5,42.5,NA,9,NA,NA,NA,2012-02-25,2012-02-26,25–26 Feb 2012,2012,Feb,Feb,25,26,NA,NA
23–26 Feb 2012,Newspoll,47,53,35,45,NA,9,NA,NA,NA,2012-02-23,2012-02-26,23–26 Feb 2012,2012,Feb,Feb,23,26,NA,NA
22–26 Feb 2012,Essential,44,56,32,49,NA,8,NA,NA,NA,2012-02-22,2012-02-26,22–26 Feb 2012,2012,Feb,Feb,22,26,NA,NA
23–24 Feb 2012,Galaxy,46,54,34,47,NA,7,NA,NA,NA,2012-02-23,2012-02-24,23–24 Feb 2012,2012,Feb,Feb,23,24,NA,NA
22–23 Feb 2012,Nielsen,47,53,34,44,NA,11,NA,NA,NA,2012-02-22,2012-02-23,22–23 Feb 2012,2012,Feb,Feb,22,23,NA,NA
15–19 Feb 2012,Essential,45,55,33,48,NA,9,NA,NA,NA,2012-02-15,2012-02-19,15–19 Feb 2012,2012,Feb,Feb,15,19,NA,NA
11–12/18–19 Feb 2012,Morgan ,51.5,48.5,37,41.5,NA,7,NA,NA,NA,2012-02-12,2012-02-18,11–12/18–19 Feb 2012,2012,Feb,Feb,12,18,18,19
10–12 Feb 2012,Newspoll,45,55,32,46,NA,11,NA,NA,NA,2012-02-10,2012-02-12,10–12 Feb 2012,2012,Feb,Feb,10,12,NA,NA
8–10 Feb 2012,Essential,46,54,34,47,NA,9,NA,NA,NA,2012-02-08,2012-02-10,8–10 Feb 2012,2012,Feb,Feb,8,10,NA,NA
7–8 Feb 2012,Morgan ,44.5,55.5,37,41.5,NA,7,NA,NA,NA,2012-02-07,2012-02-08,7–8 Feb 2012,2012,Feb,Feb,7,8,NA,NA
4–5 Feb 2012,Morgan ,48.5,51.5,38.5,45.5,NA,6.5,NA,NA,NA,2012-02-04,2012-02-05,4–5 Feb 2012,2012,Feb,Feb,4,5,NA,NA
1–5 Feb 2012,Essential,46,54,33,47,NA,9,NA,NA,NA,2012-02-01,2012-02-05,1–5 Feb 2012,2012,Feb,Feb,1,5,NA,NA
2–4 Feb 2012,Nielsen,47,53,33,45,NA,9,NA,NA,NA,2012-02-02,2012-02-04,2–4 Feb 2012,2012,Feb,Feb,2,4,NA,NA
28–29 Jan 2012,Morgan ,51,49,39.5,41.5,NA,6.5,NA,NA,NA,2012-01-28,2012-01-29,28–29 Jan 2012,2012,Jan,Jan,28,29,NA,NA
27–29 Jan 2012,Newspoll,46,54,30,45,NA,13,NA,NA,NA,2012-01-27,2012-01-29,27–29 Jan 2012,2012,Jan,Jan,27,29,NA,NA
25–29 Jan 2012,Essential,46,54,34,47,NA,8,NA,NA,NA,2012-01-25,2012-01-29,25–29 Jan 2012,2012,Jan,Jan,25,29,NA,NA
27–28 Jan 2012,Galaxy,46,54,34,48,NA,6,NA,NA,NA,2012-01-27,2012-01-28,27–28 Jan 2012,2012,Jan,Jan,27,28,NA,NA
18–22 Jan 2012,Essential,46,54,35,48,NA,7,NA,NA,NA,2012-01-18,2012-01-22,18–22 Jan 2012,2012,Jan,Jan,18,22,NA,NA
14–15/21–22 Jan 2012,Morgan ,51,49,38.5,42.5,NA,7,NA,NA,NA,2012-01-14,2012-01-22,14–15/21–22 Jan 2012,2012,Jan,Jan,14,22,21,22
17–18 Jan 2012,Morgan ,46.5,53.5,35.5,46.5,NA,9,NA,NA,NA,2012-01-17,2012-01-18,17–18 Jan 2012,2012,Jan,Jan,17,18,NA,NA
11–15 Jan 2012,Essential,46,54,35,48,NA,8,NA,NA,NA,2012-01-11,2012-01-15,11–15 Jan 2012,2012,Jan,Jan,11,15,NA,NA
7–8 Jan 2012,Morgan ,48.5,51.5,37,45,NA,7.5,NA,NA,NA,2012-01-07,2012-01-08,7–8 Jan 2012,2012,Jan,Jan,7,8,NA,NA
14–18 Dec 2011,Essential,46,54,35,47,NA,8,NA,NA,NA,2011-12-14,2011-12-18,14–18 Dec 2011,2011,Dec,Dec,14,18,NA,NA
10–11/17–18 Dec 2011,Morgan ,50,50,36.5,43,NA,7.5,NA,NA,NA,2011-12-10,2011-12-18,10–11/17–18 Dec 2011,2011,Dec,Dec,10,18,17,18
7–11 Dec 2011,Essential,45,55,34,48,NA,9,NA,NA,NA,2011-12-07,2011-12-11,7–11 Dec 2011,2011,Dec,Dec,7,11,NA,NA
8–10 Dec 2011,Nielsen,43,57,29,49,NA,11,NA,NA,NA,2011-12-08,2011-12-10,8–10 Dec 2011,2011,Dec,Dec,8,10,NA,NA
2–4 Dec 2011,Newspoll,46,54,31,44,NA,12,NA,NA,NA,2011-12-02,2011-12-04,2–4 Dec 2011,2011,Dec,Dec,2,4,NA,NA
30 Nov–4 Dec 2011,Essential,46,54,34,47,NA,9,NA,NA,NA,2011-11-30,2011-12-04,30 Nov–4 Dec 2011,2011,Nov,Dec,30,4,NA,NA
26–27 Nov/3–4 Dec 2011,Morgan ,47,53,36.5,43,NA,7.5,NA,NA,NA,2011-11-26,2011-12-04,26–27 Nov/3–4 Dec 2011,2011,Nov,Dec,26,4,3,4
23–27 Nov 2011,Essential,46,54,34,47,NA,8,NA,NA,NA,2011-11-23,2011-11-27,23–27 Nov 2011,2011,Nov,Nov,23,27,NA,NA
19–20 Nov 2011,Morgan ,48.5,51.5,36.5,45.5,NA,6,NA,NA,NA,2011-11-19,2011-11-20,19–20 Nov 2011,2011,Nov,Nov,19,20,NA,NA
18–20 Nov 2011,Newspoll,43,57,30,48,NA,12,NA,NA,NA,2011-11-18,2011-11-20,18–20 Nov 2011,2011,Nov,Nov,18,20,NA,NA
16–20 Nov 2011,Essential,45,55,34,48,NA,7,NA,NA,NA,2011-11-16,2011-11-20,16–20 Nov 2011,2011,Nov,Nov,16,20,NA,NA
9–13 Nov 2011,Essential,46,54,35,47,NA,8,NA,NA,NA,2011-11-09,2011-11-13,9–13 Nov 2011,2011,Nov,Nov,9,13,NA,NA
5–6/12–13 Nov 2011,Morgan ,46.5,53.5,34.5,47,NA,7,NA,NA,NA,2011-11-06,2011-11-12,5–6/12–13 Nov 2011,2011,Nov,Nov,6,12,12,13
10–12 Nov 2011,Nielsen,45,55,30,45,NA,12,NA,NA,NA,2011-11-10,2011-11-12,10–12 Nov 2011,2011,Nov,Nov,10,12,NA,NA
3–6 Nov 2011,Newspoll,47,53,32,44,NA,12,NA,NA,NA,2011-11-03,2011-11-06,3–6 Nov 2011,2011,Nov,Nov,3,6,NA,NA
2–6 Nov 2011,Essential,46,54,35,46,NA,9,NA,NA,NA,2011-11-02,2011-11-06,2–6 Nov 2011,2011,Nov,Nov,2,6,NA,NA
2–3 Nov 2011,Morgan ,47.5,52.5,34,45,NA,8.5,NA,NA,NA,2011-11-02,2011-11-03,2–3 Nov 2011,2011,Nov,Nov,2,3,NA,NA
26–30 Oct 2011,Essential,45,55,34,47,NA,9,NA,NA,NA,2011-10-26,2011-10-30,26–30 Oct 2011,2011,Oct,Oct,26,30,NA,NA
29–30 Oct 2011,Morgan ,47,53,34,46.5,NA,6,NA,NA,NA,2011-10-29,2011-10-30,29–30 Oct 2011,2011,Oct,Oct,29,30,NA,NA
25–26 Oct 2011,Morgan ,45,55,31,47,NA,9.6,NA,NA,NA,2011-10-25,2011-10-26,25–26 Oct 2011,2011,Oct,Oct,25,26,NA,NA
22–23 Oct 2011,Morgan ,45.5,54.5,35,49.5,NA,5,NA,NA,NA,2011-10-22,2011-10-23,22–23 Oct 2011,2011,Oct,Oct,22,23,NA,NA
21–23 Oct 2011,Newspoll,46,54,29,45,NA,11,NA,NA,NA,2011-10-21,2011-10-23,21–23 Oct 2011,2011,Oct,Oct,21,23,NA,NA
19–23 Oct 2011,Essential,45,55,32,48,NA,8,NA,NA,NA,2011-10-19,2011-10-23,19–23 Oct 2011,2011,Oct,Oct,19,23,NA,NA
15–16Oct 2011,Morgan ,48.5,51.5,36.5,44,NA,9.5,NA,NA,NA,2011-10-15,2011-10-16,15–16Oct 2011,2011,Oct,Oct,15,16,NA,NA
14–16 Oct 2011,Galaxy,42,58,29,51,NA,8,NA,NA,NA,2011-10-14,2011-10-16,14–16 Oct 2011,2011,Oct,Oct,14,16,NA,NA
12–16 Oct 2011,Essential,45,55,33,48,NA,8,NA,NA,NA,2011-10-12,2011-10-16,12–16 Oct 2011,2011,Oct,Oct,12,16,NA,NA
13–15 Oct 2011,Nielsen,43,57,30,48,NA,10,NA,NA,NA,2011-10-13,2011-10-15,13–15 Oct 2011,2011,Oct,Oct,13,15,NA,NA
8–9 Oct 2011,Morgan ,50,50,38.5,43.5,NA,7,NA,NA,NA,2011-10-08,2011-10-09,8–9 Oct 2011,2011,Oct,Oct,8,9,NA,NA
7–9 Oct 2011,Newspoll,43,57,29,49,NA,10,NA,NA,NA,2011-10-07,2011-10-09,7–9 Oct 2011,2011,Oct,Oct,7,9,NA,NA
4–9 Oct 2011,Essential,45,55,33,48,NA,9,NA,NA,NA,2011-10-04,2011-10-09,4–9 Oct 2011,2011,Oct,Oct,4,9,NA,NA
27 Sep–2 Oct 2011,Essential,45,55,33,48,NA,9,NA,NA,NA,2011-09-27,2011-10-02,27 Sep–2 Oct 2011,2011,Sep,Oct,27,2,NA,NA
24–25 Sep/1–2 Oct 2011,Morgan ,46.5,53.5,35.5,46.5,NA,8,NA,NA,NA,2011-09-24,2011-10-02,24–25 Sep/1–2 Oct 2011,2011,Sep,Oct,24,2,1,2
20–25 Sep 2011,Essential,44,56,32,49,NA,8,NA,NA,NA,2011-09-20,2011-09-25,20–25 Sep 2011,2011,Sep,Sep,20,25,NA,NA
16–18 Sep 2011,Newspoll,42,58,26,48,NA,13,NA,NA,NA,2011-09-16,2011-09-18,16–18 Sep 2011,2011,Sep,Sep,16,18,NA,NA
13–18 Sep 2011,Essential,44,56,32,49,NA,9,NA,NA,NA,2011-09-13,2011-09-18,13–18 Sep 2011,2011,Sep,Sep,13,18,NA,NA
10–11/17–18 Sep 2011,Morgan ,44.5,55.5,35.5,46.5,NA,8,NA,NA,NA,2011-09-10,2011-09-18,10–11/17–18 Sep 2011,2011,Sep,Sep,10,18,17,18
7–11 Sep 2011,Essential,44,56,32,49,NA,10,NA,NA,NA,2011-09-07,2011-09-11,7–11 Sep 2011,2011,Sep,Sep,7,11,NA,NA
8–10 Sep 2011,Nielsen,42,58,27,48,NA,12,NA,NA,NA,2011-09-08,2011-09-10,8–10 Sep 2011,2011,Sep,Sep,8,10,NA,NA
2–4 Sep 2011,Newspoll,41,59,27,50,NA,11,NA,NA,NA,2011-09-02,2011-09-04,2–4 Sep 2011,2011,Sep,Sep,2,4,NA,NA
31 Aug–4 Sep 2011,Essential,43,57,30,49,NA,10,NA,NA,NA,2011-08-31,2011-09-04,31 Aug–4 Sep 2011,2011,Aug,Sep,31,4,NA,NA
27–28 Aug/3–4 Sep 2011,Morgan ,45.5,54.5,32.5,46.5,NA,8.5,NA,NA,NA,2011-08-28,2011-09-04,27–28 Aug/3–4 Sep 2011,2011,Aug,Sep,28,4,3,4
24–28 Aug 2011,Essential,44,56,32,49,NA,8,NA,NA,NA,2011-08-24,2011-08-28,24–28 Aug 2011,2011,Aug,Aug,24,28,NA,NA
19–21 Aug 2011,Newspoll,43,57,27,47,NA,12,NA,NA,NA,2011-08-19,2011-08-21,19–21 Aug 2011,2011,Aug,Aug,19,21,NA,NA
17–21 Aug 2011,Essential,44,56,32,50,NA,8,NA,NA,NA,2011-08-17,2011-08-21,17–21 Aug 2011,2011,Aug,Aug,17,21,NA,NA
13–14/20–21 Aug 2011,Morgan ,44.5,55.5,32.5,49.5,NA,7,NA,NA,NA,2011-08-14,2011-08-20,13–14/20–21 Aug 2011,2011,Aug,Aug,14,20,20,21
10–14 Aug 2011,Essential,43,57,31,50,NA,9,NA,NA,NA,2011-08-10,2011-08-14,10–14 Aug 2011,2011,Aug,Aug,10,14,NA,NA
11–13 Aug 2011,Nielsen,42,58,28,48,NA,11,NA,NA,NA,2011-08-11,2011-08-13,11–13 Aug 2011,2011,Aug,Aug,11,13,NA,NA
9–10 Aug 2011,Morgan ,45.5,54.5,29.5,49,NA,9.5,NA,NA,NA,2011-08-09,2011-08-10,9–10 Aug 2011,2011,Aug,Aug,9,10,NA,NA
5–7 Aug 2011,Newspoll,43,57,30,50,NA,10,NA,NA,NA,2011-08-05,2011-08-07,5–7 Aug 2011,2011,Aug,Aug,5,7,NA,NA
3–7 Aug 2011,Essential,43,57,31,50,NA,9,NA,NA,NA,2011-08-03,2011-08-07,3–7 Aug 2011,2011,Aug,Aug,3,7,NA,NA
30–31 Jul/6–7 Aug 2011,Morgan ,46.5,53.5,34.5,47.5,NA,6,NA,NA,NA,2011-07-30,2011-08-06,30–31 Jul/6–7 Aug 2011,2011,Jul,Aug,30,6,6,7
c. 3 Aug 2011,Galaxy,44,56,31,48,NA,8,NA,NA,NA,2011-08-03,2011-08-03,c. 3 Aug 2011,2011,Aug,Aug,3,3,NA,NA
27–31 Jul 2011,Essential,44,56,31,49,NA,9,NA,NA,NA,2011-07-27,2011-07-31,27–31 Jul 2011,2011,Jul,Jul,27,31,NA,NA
22–24 Jul 2011,Newspoll,44,56,29,47,NA,11,NA,NA,NA,2011-07-22,2011-07-24,22–24 Jul 2011,2011,Jul,Jul,22,24,NA,NA
20–24 Jul 2011,Essential,45,55,32,48,NA,9,NA,NA,NA,2011-07-20,2011-07-24,20–24 Jul 2011,2011,Jul,Jul,20,24,NA,NA
16–17/23–24 Jul 2011,Morgan ,47,53,34.5,47,NA,6.5,NA,NA,NA,2011-07-16,2011-07-24,16–17/23–24 Jul 2011,2011,Jul,Jul,16,24,23,24
13–17 Jul 2011,Essential,44,56,31,49,NA,9,NA,NA,NA,2011-07-13,2011-07-17,13–17 Jul 2011,2011,Jul,Jul,13,17,NA,NA
14–16 Jul 2011,Nielsen,39,61,26,51,NA,15,NA,NA,NA,2011-07-14,2011-07-16,14–16 Jul 2011,2011,Jul,Jul,14,16,NA,NA
13–14 Jul 2011,Morgan ,40,60,27.5,52.5,NA,9.5,NA,NA,NA,2011-07-13,2011-07-14,13–14 Jul 2011,2011,Jul,Jul,13,14,NA,NA
9–10 Jul 2011,Morgan ,45.5,54.5,33.5,48,NA,7,NA,NA,NA,2011-07-09,2011-07-10,9–10 Jul 2011,2011,Jul,Jul,9,10,NA,NA
8–10 Jul 2011,Newspoll,42,58,27,49,NA,12,NA,NA,NA,2011-07-08,2011-07-10,8–10 Jul 2011,2011,Jul,Jul,8,10,NA,NA
6–10 Jul 2011,Essential,43,57,30,50,NA,9,NA,NA,NA,2011-07-06,2011-07-10,6–10 Jul 2011,2011,Jul,Jul,6,10,NA,NA
29 Jun–3 Jul 2011,Essential,44,56,32,49,NA,9,NA,NA,NA,2011-06-29,2011-07-03,29 Jun–3 Jul 2011,2011,Jun,Jul,29,3,NA,NA
25–26 Jun/1–2 Jul 2011,Morgan ,43.5,56.5,31.5,49,NA,8,NA,NA,NA,2011-06-26,2011-07-02,25–26 Jun/1–2 Jul 2011,2011,Jun,Jul,26,2,1,2
24–26 Jun 2011,Newspoll,45,55,30,46,NA,13,NA,NA,NA,2011-06-24,2011-06-26,24–26 Jun 2011,2011,Jun,Jun,24,26,NA,NA
22–26 Jun 2011,Essential,45,55,32,48,NA,9,NA,NA,NA,2011-06-22,2011-06-26,22–26 Jun 2011,2011,Jun,Jun,22,26,NA,NA
11–12/18–19 Jun 2011,Morgan ,46.5,53.5,35,46.5,NA,7,NA,NA,NA,2011-06-12,2011-06-18,11–12/18–19 Jun 2011,2011,Jun,Jun,12,18,18,19
15–19 Jun 2011,Essential,45,55,32,47,NA,9,NA,NA,NA,2011-06-15,2011-06-19,15–19 Jun 2011,2011,Jun,Jun,15,19,NA,NA
14–16 Jun 2011,Nielsen,41,59,27,49,NA,12,NA,NA,NA,2011-06-14,2011-06-16,14–16 Jun 2011,2011,Jun,Jun,14,16,NA,NA
8–13 Jun 2011,Essential,46,54,34,46,NA,8,NA,NA,NA,2011-06-08,2011-06-13,8–13 Jun 2011,2011,Jun,Jun,8,13,NA,NA
10–12 Jun 2011,Newspoll,45,55,31,46,NA,12,NA,NA,NA,2011-06-10,2011-06-12,10–12 Jun 2011,2011,Jun,Jun,10,12,NA,NA
4–5 Jun 2011,Morgan ,46,54,33.5,46.5,NA,8,NA,NA,NA,2011-06-04,2011-06-05,4–5 Jun 2011,2011,Jun,Jun,4,5,NA,NA
1–5 Jun 2011,Essential,47,53,34,46,NA,8,NA,NA,NA,2011-06-01,2011-06-05,1–5 Jun 2011,2011,Jun,Jun,1,5,NA,NA
31 May–2 Jun 2011,Morgan ,42,58,30,50,NA,10.5,NA,NA,NA,2011-05-31,2011-06-02,31 May–2 Jun 2011,2011,May,Jun,31,2,NA,NA
25–29 May 2011,Essential,46,54,34,47,NA,8,NA,NA,NA,2011-05-25,2011-05-29,25–29 May 2011,2011,May,May,25,29,NA,NA
27–29 May 2011,Newspoll,48,52,34,44,NA,8,NA,NA,NA,2011-05-27,2011-05-29,27–29 May 2011,2011,May,May,27,29,NA,NA
21–22/28–29 May 2011,Morgan ,48.5,51.5,36,45.5,NA,6.5,NA,NA,NA,2011-05-22,2011-05-28,21–22/28–29 May 2011,2011,May,May,22,28,28,29
18–22 May 2011,Essential,47,53,34,46,NA,8,NA,NA,NA,2011-05-18,2011-05-22,18–22 May 2011,2011,May,May,18,22,NA,NA
14–15 May 2011,Morgan ,48.5,51.5,36,44.5,NA,6.5,NA,NA,NA,2011-05-14,2011-05-15,14–15 May 2011,2011,May,May,14,15,NA,NA
13–15 May 2011,Newspoll,46,54,33,46,NA,11,NA,NA,NA,2011-05-13,2011-05-15,13–15 May 2011,2011,May,May,13,15,NA,NA
11–15 May 2011,Essential,48,52,36,46,NA,7,NA,NA,NA,2011-05-11,2011-05-15,11–15 May 2011,2011,May,May,11,15,NA,NA
12–14 May 2011,Nielsen,44,56,31,47,NA,13,NA,NA,NA,2011-05-12,2011-05-14,12–14 May 2011,2011,May,May,12,14,NA,NA
7–8 May 2011,Morgan ,45.5,54.5,34,48,NA,7,NA,NA,NA,2011-05-07,2011-05-08,7–8 May 2011,2011,May,May,7,8,NA,NA
4–8 May 2011,Essential,46,54,35,47,NA,8,NA,NA,NA,2011-05-04,2011-05-08,4–8 May 2011,2011,May,May,4,8,NA,NA
3–4 May 2011,Morgan ,46.5,53.5,34,46,NA,9,NA,NA,NA,2011-05-03,2011-05-04,3–4 May 2011,2011,May,May,3,4,NA,NA
29 Apr–1 May 2011,Newspoll,47,53,33,44,NA,11,NA,NA,NA,2011-04-29,2011-05-01,29 Apr–1 May 2011,2011,Apr,May,29,1,NA,NA
28 Apr–1 May 2011,Essential,46,54,35,47,NA,9,NA,NA,NA,2011-04-28,2011-05-01,28 Apr–1 May 2011,2011,Apr,May,28,1,NA,NA
23–24/30 Apr–1 May 2011,Morgan ,48,52,37,46,NA,6.5,NA,NA,NA,2011-04-24,2011-05-16,23–24/30 Apr–1 May 2011,2011,Apr,May,24,16,30,1
20–26 Apr 2011,Essential,46,54,35,47,NA,8,NA,NA,NA,2011-04-20,2011-04-26,20–26 Apr 2011,2011,Apr,Apr,20,26,NA,NA
13–17 Apr 2011,Essential,46,54,35,47,NA,8,NA,NA,NA,2011-04-13,2011-04-17,13–17 Apr 2011,2011,Apr,Apr,13,17,NA,NA
9–10/16–17 Apr 2011,Morgan ,47,53,35,46,NA,7.5,NA,NA,NA,2011-04-10,2011-04-16,9–10/16–17 Apr 2011,2011,Apr,Apr,10,16,16,17
14–16 Apr 2011,Nielsen,44,56,31,47,NA,11,NA,NA,NA,2011-04-14,2011-04-16,14–16 Apr 2011,2011,Apr,Apr,14,16,NA,NA
6–10 Apr 2011,Essential,47,53,35,46,NA,8,NA,NA,NA,2011-04-06,2011-04-10,6–10 Apr 2011,2011,Apr,Apr,6,10,NA,NA
2–3 Apr 2011,Morgan ,46.5,53.5,36.5,48,NA,6,NA,NA,NA,2011-04-02,2011-04-03,2–3 Apr 2011,2011,Apr,Apr,2,3,NA,NA
1–3 Apr 2011,Newspoll,45,55,32,45,NA,12,NA,NA,NA,2011-04-01,2011-04-03,1–3 Apr 2011,2011,Apr,Apr,1,3,NA,NA
30 Mar–3 Apr 2011,Essential,47,53,36,46,NA,8,NA,NA,NA,2011-03-30,2011-04-03,30 Mar–3 Apr 2011,2011,Mar,Apr,30,3,NA,NA
26–27 Mar 2011,Morgan ,47,53,35.5,47,NA,6,NA,NA,NA,2011-03-26,2011-03-27,26–27 Mar 2011,2011,Mar,Mar,26,27,NA,NA
23–27 Mar 2011,Essential,48,52,37,46,NA,7,NA,NA,NA,2011-03-23,2011-03-27,23–27 Mar 2011,2011,Mar,Mar,23,27,NA,NA
22–24 Mar 2011,Morgan ,46,54,34.5,47,NA,8.5,NA,NA,NA,2011-03-22,2011-03-24,22–24 Mar 2011,2011,Mar,Mar,22,24,NA,NA
19–20 Mar 2011,Morgan ,52.5,47.5,39.5,40,NA,8,NA,NA,NA,2011-03-19,2011-03-20,19–20 Mar 2011,2011,Mar,Mar,19,20,NA,NA
18–20 Mar 2011,Newspoll,51,49,36,40,NA,12,NA,NA,NA,2011-03-18,2011-03-20,18–20 Mar 2011,2011,Mar,Mar,18,20,NA,NA
16–20 Mar 2011,Essential,47,53,36,46,NA,8,NA,NA,NA,2011-03-16,2011-03-20,16–20 Mar 2011,2011,Mar,Mar,16,20,NA,NA
16–17 Mar 2011,Morgan ,49,51,35.5,42.5,NA,10,NA,NA,NA,2011-03-16,2011-03-17,16–17 Mar 2011,2011,Mar,Mar,16,17,NA,NA
12–13 Mar 2011,Morgan ,49.5,50.5,38,44.5,NA,6,NA,NA,NA,2011-03-12,2011-03-13,12–13 Mar 2011,2011,Mar,Mar,12,13,NA,NA
9–13 Mar 2011,Essential,46,54,35,47,NA,8,NA,NA,NA,2011-03-09,2011-03-13,9–13 Mar 2011,2011,Mar,Mar,9,13,NA,NA
10–12 Mar 2011,Nielsen,46,54,33,45,NA,10,NA,NA,NA,2011-03-10,2011-03-12,10–12 Mar 2011,2011,Mar,Mar,10,12,NA,NA
8–10 Mar 2011,Morgan ,44,56,31.5,47.5,NA,11,NA,NA,NA,2011-03-08,2011-03-10,8–10 Mar 2011,2011,Mar,Mar,8,10,NA,NA
5–6 Mar 2011,Morgan ,48,52,37,46.5,NA,7,NA,NA,NA,2011-03-05,2011-03-06,5–6 Mar 2011,2011,Mar,Mar,5,6,NA,NA
4–6 Mar 2011,Newspoll,46,54,30,45,NA,10,NA,NA,NA,2011-03-04,2011-03-06,4–6 Mar 2011,2011,Mar,Mar,4,6,NA,NA
2–6 Mar 2011,Essential,47,53,36,47,NA,7,NA,NA,NA,2011-03-02,2011-03-06,2–6 Mar 2011,2011,Mar,Mar,2,6,NA,NA
26–27 Feb 2011,Morgan ,53.5,46.5,41,41,NA,6.5,NA,NA,NA,2011-02-26,2011-02-27,26–27 Feb 2011,2011,Feb,Feb,26,27,NA,NA
22–27 Feb 2011,Essential,48,52,37,45,NA,7,NA,NA,NA,2011-02-22,2011-02-27,22–27 Feb 2011,2011,Feb,Feb,22,27,NA,NA
21–23 Feb 2011,Morgan ,47,53,36,45.5,NA,9,NA,NA,NA,2011-02-21,2011-02-23,21–23 Feb 2011,2011,Feb,Feb,21,23,NA,NA
18–20 Feb 2011,Newspoll,50,50,36,41,NA,10,NA,NA,NA,2011-02-18,2011-02-20,18–20 Feb 2011,2011,Feb,Feb,18,20,NA,NA
15–20 Feb 2011,Essential,49,51,39,43,NA,7,NA,NA,NA,2011-02-15,2011-02-20,15–20 Feb 2011,2011,Feb,Feb,15,20,NA,NA
12–13/19–20 Feb 2011,Morgan ,51,49,39.5,43,NA,6,NA,NA,NA,2011-02-12,2011-02-20,12–13/19–20 Feb 2011,2011,Feb,Feb,12,20,19,20
8–13 Feb 2011,Essential,50,50,40,44,NA,6,NA,NA,NA,2011-02-08,2011-02-13,8–13 Feb 2011,2011,Feb,Feb,8,13,NA,NA
10–12 Feb 2011,Nielsen,46,54,32,46,NA,9,NA,NA,NA,2011-02-10,2011-02-12,10–12 Feb 2011,2011,Feb,Feb,10,12,NA,NA
4–6 Feb 2011,Newspoll,48,52,32,44,NA,10,NA,NA,NA,2011-02-04,2011-02-06,4–6 Feb 2011,2011,Feb,Feb,4,6,NA,NA
1–6 Feb 2011,Essential,49,51,38,46,NA,7,NA,NA,NA,2011-02-01,2011-02-06,1–6 Feb 2011,2011,Feb,Feb,1,6,NA,NA
29–30 Jan/5–6 Feb 2011,Morgan ,51.5,48.5,39,43,NA,5.5,NA,NA,NA,2011-01-30,2011-02-06,29–30 Jan/5–6 Feb 2011,2011,Jan,Feb,30,6,5,6
1–3 Feb 2011,Morgan ,49,51,35,42.5,NA,10.5,NA,NA,NA,2011-02-01,2011-02-03,1–3 Feb 2011,2011,Feb,Feb,1,3,NA,NA
25–30 Jan 2011,Essential,49,51,37,45,NA,7,NA,NA,NA,2011-01-25,2011-01-30,25–30 Jan 2011,2011,Jan,Jan,25,30,NA,NA
18–23 Jan 2011,Essential,49,51,37,45,NA,7,NA,NA,NA,2011-01-18,2011-01-23,18–23 Jan 2011,2011,Jan,Jan,18,23,NA,NA
15–16/22–23 Jan 2011,Morgan ,52.5,47.5,40.5,41.5,NA,6.5,NA,NA,NA,2011-01-16,2011-01-22,15–16/22–23 Jan 2011,2011,Jan,Jan,16,22,22,23
11–16 Jan 2011,Essential,48,52,38,46,NA,6,NA,NA,NA,2011-01-11,2011-01-16,11–16 Jan 2011,2011,Jan,Jan,11,16,NA,NA
8–9 Jan 2011,Morgan ,50.5,49.5,38.5,44,NA,4.5,NA,NA,NA,2011-01-08,2011-01-09,8–9 Jan 2011,2011,Jan,Jan,8,9,NA,NA
14–19 Dec 2010,Essential,48,52,38,46,NA,7,NA,NA,NA,2010-12-14,2010-12-19,14–19 Dec 2010,2010,Dec,Dec,14,19,NA,NA
11–12 Dec 2010,Morgan ,50,50,38,43,NA,5.5,NA,NA,NA,2010-12-11,2010-12-12,11–12 Dec 2010,2010,Dec,Dec,11,12,NA,NA
8–12 Dec 2010,Morgan ,45.5,54.5,31,46,NA,9.5,NA,NA,NA,2010-12-08,2010-12-12,8–12 Dec 2010,2010,Dec,Dec,8,12,NA,NA
7–12 Dec 2010,Essential,48,52,38,46,NA,7,NA,NA,NA,2010-12-07,2010-12-12,7–12 Dec 2010,2010,Dec,Dec,7,12,NA,NA
4–5 Dec 2010,Morgan ,53,47,40.5,40.5,NA,5.5,NA,NA,NA,2010-12-04,2010-12-05,4–5 Dec 2010,2010,Dec,Dec,4,5,NA,NA
3–5 Dec 2010,Newspoll,50,50,34,41,NA,11,NA,NA,NA,2010-12-03,2010-12-05,3–5 Dec 2010,2010,Dec,Dec,3,5,NA,NA
30 Nov–5 Dec 2010,Essential,49,51,38,45,NA,6,NA,NA,NA,2010-11-30,2010-12-05,30 Nov–5 Dec 2010,2010,Nov,Dec,30,5,NA,NA
23–28 Nov 2010,Essential,49,51,38,44,NA,7,NA,NA,NA,2010-11-23,2010-11-28,23–28 Nov 2010,2010,Nov,Nov,23,28,NA,NA
20–21/27–28 Nov 2010,Morgan ,52.5,47.5,40.5,42,NA,5.5,NA,NA,NA,2010-11-20,2010-11-28,20–21/27–28 Nov 2010,2010,Nov,Nov,20,28,27,28
19–21 Nov 2010,Newspoll,52,48,36,39,NA,11,NA,NA,NA,2010-11-19,2010-11-21,19–21 Nov 2010,2010,Nov,Nov,19,21,NA,NA
16–21 Nov 2010,Essential,49,51,38,45,NA,8,NA,NA,NA,2010-11-16,2010-11-21,16–21 Nov 2010,2010,Nov,Nov,16,21,NA,NA
18–20 Nov 2010,Nielsen,49,51,35,43,NA,8,NA,NA,NA,2010-11-18,2010-11-20,18–20 Nov 2010,2010,Nov,Nov,18,20,NA,NA
9–14 Nov 2010,Essential,49,51,39,45,NA,7,NA,NA,NA,2010-11-09,2010-11-14,9–14 Nov 2010,2010,Nov,Nov,9,14,NA,NA
6–7/13–14 Nov 2010,Morgan ,54,46,41,40,NA,7,NA,NA,NA,2010-11-06,2010-11-14,6–7/13–14 Nov 2010,2010,Nov,Nov,6,14,13,14
5–7 Nov 2010,Newspoll,48,52,34,43,NA,10,NA,NA,NA,2010-11-05,2010-11-07,5–7 Nov 2010,2010,Nov,Nov,5,7,NA,NA
2–7 Nov 2010,Essential,49,51,39,46,NA,7,NA,NA,NA,2010-11-02,2010-11-07,2–7 Nov 2010,2010,Nov,Nov,2,7,NA,NA
26–31 Oct 2010,Essential,50,50,41,44,NA,7,NA,NA,NA,2010-10-26,2010-10-31,26–31 Oct 2010,2010,Oct,Oct,26,31,NA,NA
23–24/30–31 Oct 2010,Morgan ,54,46,43,40.5,NA,6,NA,NA,NA,2010-10-24,2010-10-30,23–24/30–31 Oct 2010,2010,Oct,Oct,24,30,30,31
22–24 Oct 2010,Newspoll,48,52,33,43,NA,10,NA,NA,NA,2010-10-22,2010-10-24,22–24 Oct 2010,2010,Oct,Oct,22,24,NA,NA
19–24 Oct 2010,Essential,50,50,41,44,NA,7,NA,NA,NA,2010-10-19,2010-10-24,19–24 Oct 2010,2010,Oct,Oct,19,24,NA,NA
21–23 Oct 2010,Nielsen,49,51,34,43,NA,8,NA,NA,NA,2010-10-21,2010-10-23,21–23 Oct 2010,2010,Oct,Oct,21,23,NA,NA
12–17 Oct 2010,Essential,50,50,40,44,NA,7,NA,NA,NA,2010-10-12,2010-10-17,12–17 Oct 2010,2010,Oct,Oct,12,17,NA,NA
9–10/16–17 Oct 2010,Morgan ,54,46,43,40.5,NA,6,NA,NA,NA,2010-10-10,2010-10-16,9–10/16–17 Oct 2010,2010,Oct,Oct,10,16,16,17
8–10 Oct 2010,Newspoll,50,50,35,42,NA,9,NA,NA,NA,2010-10-08,2010-10-10,8–10 Oct 2010,2010,Oct,Oct,8,10,NA,NA
5–10 Oct 2010,Essential,50,50,41,44,NA,7,NA,NA,NA,2010-10-05,2010-10-10,5–10 Oct 2010,2010,Oct,Oct,5,10,NA,NA
2–3 Oct 2010,Morgan ,55.5,44.5,44,38.5,NA,5.5,NA,NA,NA,2010-10-02,2010-10-03,2–3 Oct 2010,2010,Oct,Oct,2,3,NA,NA
30 Sep–1 Oct 2010,Essential,51,49,42,44,NA,8,NA,NA,NA,2010-09-30,2010-10-01,30 Sep–1 Oct 2010,2010,Sep,Oct,30,1,NA,NA
21–26 Sep 2010,Essential,51,49,42,43,NA,6,NA,NA,NA,2010-09-21,2010-09-26,21–26 Sep 2010,2010,Sep,Sep,21,26,NA,NA
18–19 Sep 2010,Morgan ,53.5,46.5,40.5,41,NA,5.5,NA,NA,NA,2010-09-18,2010-09-19,18–19 Sep 2010,2010,Sep,Sep,18,19,NA,NA
14–19 Sep 2010,Essential,50,50,40,45,NA,6,NA,NA,NA,2010-09-14,2010-09-19,14–19 Sep 2010,2010,Sep,Sep,14,19,NA,NA
15–16 Sep 2010,Morgan ,50.5,49.5,35.5,42.5,NA,7,NA,NA,NA,2010-09-15,2010-09-16,15–16 Sep 2010,2010,Sep,Sep,15,16,NA,NA
10–12 Sep 2010,Newspoll,50,50,34,41,NA,11,NA,NA,NA,2010-09-10,2010-09-12,10–12 Sep 2010,2010,Sep,Sep,10,12,NA,NA
7–12 Sep 2010,Essential,50,50,39,44,NA,6,NA,NA,NA,2010-09-07,2010-09-12,7–12 Sep 2010,2010,Sep,Sep,7,12,NA,NA
31 Aug–5 Sep 2010,Essential,51,49,39,43,NA,8,NA,NA,NA,2010-08-31,2010-09-05,31 Aug–5 Sep 2010,2010,Aug,Sep,31,5,NA,NA
28–29 Aug/4–5 Sep 2010,Morgan ,54.5,45.5,40.5,39.5,NA,5,NA,NA,NA,2010-08-28,2010-09-04,28–29 Aug/4–5 Sep 2010,2010,Aug,Sep,28,4,4,5
24–29 Aug 2010,Essential,50,50,38,44,NA,7,NA,NA,NA,2010-08-24,2010-08-29,24–29 Aug 2010,2010,Aug,Aug,24,29,NA,NA
25–26 Aug 2010,Morgan ,51,49,36,40,NA,11,NA,NA,NA,2010-08-25,2010-08-26,25–26 Aug 2010,2010,Aug,Aug,25,26,NA,NA
c. 21 Aug 2010,Nielsen,52,48,39,41.5,NA,7.5,NA,NA,NA,2010-08-21,2010-08-21,c. 21 Aug 2010,2010,Aug,Aug,21,21,NA,NA
17–19 Aug 2010,Newspoll,50.2,49.8,36.2,43.4,NA,6.5,NA,NA,NA,2010-08-17,2010-08-19,17–19 Aug 2010,2010,Aug,Aug,17,19,NA,NA
13–19 Aug 2010,Essential,51,49,38,43,NA,7,NA,NA,NA,2010-08-13,2010-08-19,13–19 Aug 2010,2010,Aug,Aug,13,19,NA,NA
